-- phpMyAdmin SQL Dump
-- version 4.9.0.1
-- https://www.phpmyadmin.net/
--
-- Host: localhost:8889
-- Generation Time: Jan 16, 2020 at 04:15 PM
-- Server version: 5.7.26
-- PHP Version: 7.3.8

SET SQL_MODE = "NO_AUTO_VALUE_ON_ZERO";
SET time_zone = "+00:00";

--
-- Database: `universite`
--

-- --------------------------------------------------------

--
-- Table structure for table `apprentissage`
--

CREATE TABLE `apprentissage` (
  `id` int(11) NOT NULL,
  `description` text NOT NULL,
  `competence` int(11) DEFAULT NULL,
  `formation` int(11) DEFAULT NULL,
  `created_at` timestamp NOT NULL DEFAULT CURRENT_TIMESTAMP
) ENGINE=InnoDB DEFAULT CHARSET=latin1;

--
-- Dumping data for table `apprentissage`
--

INSERT INTO `apprentissage` (`id`, `description`, `competence`, `formation`, `created_at`) VALUES
(1, 'Produire un exécutable à partir d’un code source', 4, 1, '2019-11-28 08:33:00'),
(2, 'Traduire une spécification en code en respectant des conventions de programmation', 4, 2, '2019-11-28 08:33:00'),
(3, 'Mettre en œuvre un processus de reverse-engineering', 4, 2, '2019-11-28 08:33:00'),
(4, 'Emettre un diagnostic du code et une correction en cas de dysfonctionnement', 4, 2, '2019-11-28 08:33:00'),
(5, 'Choisir l\'environnement de programmation adapté au contexte (le langage, framework, biliothèque etc.)', 4, 3, '2019-11-28 08:33:00'),
(6, 'Analyser les performances d\'un code en utilisant les outils adaptés', 4, 3, '2019-11-28 08:33:00'),
(7, 'Structurer un code en fonction d’une infrastructure matérielle adaptée', 4, 3, '2019-11-28 08:33:00'),
(8, 'Identifier les opérations liées aux différentes structures de données', 5, 1, '2019-11-28 08:33:30'),
(9, 'Choisir le couple structure de données - algorithme le plus adapté à la résolution du problème', 5, 2, '2019-11-28 08:33:30'),
(10, 'Quantifier les ressources nécessaires induites par les choix de modélisation', 5, 2, '2019-11-28 08:33:30'),
(11, 'Utiliser un langage de modélisation pour formaliser le comportement d’un système', 5, 3, '2019-11-28 08:33:30'),
(12, 'Classifier et analyser des architectures, des processus, des algorithmes et des structures de données', 5, 3, '2019-11-28 08:33:30'),
(13, 'Mesurer la criticité des ressources', 5, 3, '2019-11-28 08:33:30'),
(17, 'Installer et gérer un réseau', 6, 1, '2019-11-28 08:36:03'),
(18, 'Configurer des systèmes d\'exploitation et services réseaux', 6, 2, '2019-11-28 08:36:03'),
(19, 'Développer des services réseaux', 6, 2, '2019-11-28 08:36:03'),
(20, 'Gérer les droits d\'accès relatifs aux utilisateurs et aux ressources', 6, 2, '2019-11-28 08:36:03'),
(21, 'Sécuriser des systèmes, des réseaux, des données', 6, 3, '2019-11-28 08:36:03'),
(22, 'Mettre en oeuvre des solutions de virtualisation et de conteunarisation au niveau des systèmes et des réseaux', 6, 3, '2019-11-28 08:36:03'),
(23, 'Produire du code simple et intelligible', 7, 1, '2019-11-28 08:38:30'),
(24, 'Mettre en place des tests unitaires', 7, 1, '2019-11-28 08:38:30'),
(25, 'Mettre en oeuvre de bonnes pratiques de conception pour assurer la qualité du logiciel', 7, 2, '2019-11-28 08:38:30'),
(26, 'Planifier une stratégie des tests : unitaires, fonctionnels', 7, 2, '2019-11-28 08:38:30'),
(27, 'Proposer une stratégie de gestion de projet adaptée', 7, 3, '2019-11-28 08:38:30'),
(28, 'Utiliser des métriques pour évaluer la qualité d\'un logiciel', 7, 3, '2019-11-28 08:38:30'),
(29, 'Planifier une stratégie des tests : d\'intégration et de recette', 7, 3, '2019-11-28 08:38:30'),
(30, 'Assurer le déroulement correct du cycle de vie du logiciel en utilisant des outils et méthodes adaptés', 7, 3, '2019-11-28 08:38:30'),
(31, 'S\'adapter à un écosystème numérique existant', 8, 1, '2019-11-28 08:40:13'),
(32, 'Prendre en compte l\'écosystème de déploiement du service numérique', 8, 2, '2019-11-28 08:40:13'),
(33, 'Intégrer la diversité des utilisateurs dans le développement du service numérique', 8, 2, '2019-11-28 08:40:13'),
(34, 'Déployer le service numérique dans son écosystème', 8, 3, '2019-11-28 08:40:13'),
(35, 'Prévoir une fin de vie responsable pour le service numérique', 8, 3, '2019-11-28 08:40:13'),
(36, 'Utiliser un français ou un anglais écrit sans faute d’orthographe, de structure ou de syntaxe, adapté au contexte ou à l\'interlocuteur et en adoptant un style clair et concis', 9, 1, '2019-11-28 08:40:59'),
(37, 'Utiliser un français ou un anglais parlé avec des idées structurées et concises, adapté au contexte ou à l\'interlocuteur', 9, 1, '2019-11-28 08:40:59'),
(38, 'Utiliser les technologies de \'information et de la communication de façon efficace et adaptée au contexte ou à l\'interlocuteur', 9, 1, '2019-11-28 08:40:59'),
(39, 'Adapter le langage technique à son interlocuteur afin d’ajuster sa communication en conséquences', 9, 2, '2019-11-28 08:40:59'),
(40, 'Appliquer des méthodes d’écoute active efficaces en faisant preuve d\'empathie, en démontrant son intérêt pour les proposer à autrui et en demeurant dans le cadre du sujet', 9, 3, '2019-11-28 08:40:59'),
(41, 'Utiliser la documentation existante', 10, 1, '2019-11-28 08:43:03'),
(42, 'Surveiller les mises à jour', 10, 1, '2019-11-28 08:43:03'),
(43, 'Analyser les notes de versions afin d\'appréhender la pertinence et les impacts de sa mise en oeuvre', 10, 2, '2019-11-28 08:43:03'),
(44, 'Actualiser et évaluer ses connaissances scientifiques et techniques', 10, 3, '2019-11-28 08:43:03'),
(45, 'Se tenir informé des acquis de la recherche afin de pouvoir s\'engager dans des projets et des démarches visant à l\'amélioration des pratiques', 10, 3, '2019-11-28 08:43:03'),
(46, 'Réfléchir sur sa pratique - seul et entre pairs - et réinvestir les résultats de sa réflexion dans l\'action', 10, 3, '2019-11-28 08:43:03'),
(47, 'Identifier ses besoins de formation et mettre en œuvre les moyens de développer ses compétences en utilisant les ressources internationales disponibles', 10, 3, '2019-11-28 08:43:03'),
(48, 'Prendre en compte la notion d’accessibilité', 11, 1, '2019-11-28 08:43:10'),
(49, 'Mettre en oeuvre une démarche scientifique', 11, 1, '2019-11-28 08:43:10'),
(50, 'Se positionner sur la valeur morale des données traitées et des services numériques', 11, 2, '2019-11-28 08:43:10'),
(51, 'Intégrer dans les services numériques la diversité des publics', 11, 2, '2019-11-28 08:43:10'),
(52, 'Maitriser les impacts environnementaux de son écosystème numérique', 11, 3, '2019-11-28 08:43:10'),
(53, 'Respecter les cadres légaux relatifs à l\'informatique depuis les dispositifs supranationaux jusqu\'à son entreprise', 11, 3, '2019-11-28 08:43:10'),
(54, 'Ecoconcevoir les services numériques', 11, 3, '2019-11-28 08:43:10'),
(55, 'Questionner les enjeux philosophiques inhérents aux nouvelles technologies', 11, 3, '2019-11-28 08:43:10');

-- --------------------------------------------------------

--
-- Table structure for table `categorie`
--

CREATE TABLE `categorie` (
  `id` int(11) NOT NULL,
  `nom` text NOT NULL
) ENGINE=InnoDB DEFAULT CHARSET=latin1;

--
-- Dumping data for table `categorie`
--

INSERT INTO `categorie` (`id`, `nom`) VALUES
(7, 'Programmation'),
(8, 'Algorithmes et structures de données'),
(9, 'Architectures et systèmes'),
(10, 'Réseaux'),
(11, 'Bases de données'),
(12, 'Sciences humaines'),
(13, 'Outils mathématiques et de conceptualisation');

-- --------------------------------------------------------

--
-- Table structure for table `categorie_apprentissage`
--

CREATE TABLE `categorie_apprentissage` (
  `categorie` int(11) NOT NULL,
  `apprentissage` int(11) NOT NULL
) ENGINE=InnoDB DEFAULT CHARSET=latin1;

--
-- Dumping data for table `categorie_apprentissage`
--

INSERT INTO `categorie_apprentissage` (`categorie`, `apprentissage`) VALUES
(7, 1),
(9, 1),
(7, 2),
(8, 2),
(9, 2),
(10, 2),
(7, 3),
(8, 3),
(9, 3),
(10, 3),
(7, 4),
(8, 4),
(9, 4),
(10, 4),
(11, 4),
(9, 5),
(11, 5),
(7, 6),
(8, 6),
(9, 6),
(10, 6),
(11, 6),
(13, 6),
(7, 7),
(9, 7),
(10, 7),
(8, 8),
(11, 8),
(13, 8),
(8, 9),
(9, 9),
(9, 10),
(11, 10),
(13, 10),
(13, 11),
(8, 12),
(9, 12),
(10, 12),
(9, 13),
(10, 13),
(11, 13),
(13, 13),
(9, 17),
(10, 17),
(9, 18),
(10, 18),
(11, 18),
(7, 19),
(8, 19),
(9, 19),
(10, 19),
(11, 19),
(9, 20),
(10, 20),
(11, 20),
(9, 21),
(10, 21),
(11, 21),
(12, 21),
(13, 21),
(9, 22),
(10, 22),
(7, 23),
(8, 23),
(12, 23),
(7, 24),
(11, 24),
(13, 24),
(13, 25),
(7, 26),
(10, 26),
(11, 26),
(12, 27),
(13, 27),
(7, 28),
(13, 28),
(7, 29),
(10, 29),
(11, 29),
(12, 29),
(13, 29),
(7, 30),
(9, 30),
(10, 30),
(11, 30),
(12, 30),
(9, 31),
(10, 31),
(11, 31),
(9, 32),
(10, 32),
(11, 32),
(13, 32),
(12, 33),
(13, 33),
(9, 34),
(10, 34),
(11, 34),
(13, 34),
(9, 35),
(12, 35),
(13, 35),
(12, 36),
(12, 37),
(12, 38),
(13, 38),
(7, 39),
(8, 39),
(9, 39),
(10, 39),
(11, 39),
(12, 39),
(13, 39),
(12, 40),
(7, 41),
(8, 41),
(9, 41),
(10, 41),
(11, 41),
(13, 41),
(7, 42),
(8, 42),
(9, 42),
(10, 42),
(11, 42),
(13, 42),
(7, 43),
(8, 43),
(9, 43),
(10, 43),
(11, 43),
(12, 43),
(13, 43),
(7, 44),
(8, 44),
(9, 44),
(10, 44),
(11, 44),
(13, 44),
(7, 45),
(8, 45),
(9, 45),
(10, 45),
(11, 45),
(13, 45),
(12, 46),
(13, 46),
(12, 47),
(7, 48),
(9, 48),
(12, 48),
(12, 49),
(13, 49),
(12, 50),
(13, 50),
(7, 51),
(12, 51),
(13, 51),
(7, 52),
(9, 52),
(10, 52),
(12, 52),
(13, 52),
(7, 53),
(9, 53),
(10, 53),
(11, 53),
(12, 53),
(13, 53),
(7, 54),
(9, 54),
(12, 54),
(13, 54),
(8, 55),
(12, 55);

-- --------------------------------------------------------

--
-- Table structure for table `competence`
--

CREATE TABLE `competence` (
  `id` int(11) NOT NULL,
  `nom` varchar(255) NOT NULL,
  `description` text NOT NULL,
  `situation_professionnelle` text NOT NULL,
  `created_at` timestamp NOT NULL DEFAULT CURRENT_TIMESTAMP
) ENGINE=InnoDB DEFAULT CHARSET=latin1;

--
-- Dumping data for table `competence`
--

INSERT INTO `competence` (`id`, `nom`, `description`, `situation_professionnelle`, `created_at`) VALUES
(4, 'Développer un logiciel', 'en utilisant le langage adapté au problème | en mettant en oeuvre les structures de données adaptées au problème | en optimisant les ressources matérielles, middleware et logicielles', 'Maintenance évolutive et corrective | Production du code applicatif | Veille réglementaire ', '2019-11-28 08:26:38'),
(5, 'Modéliser et construire un système', 'en réfléchissant aux processus et aux données | en identifiant les algorithmes et structures de données pertinents et efficaces | en assurant l\'intégralité des données, des accès et des échanges', 'Maquettage de l\'application | Rédaction d’un cahier des charges | Communication avec le client pour recueil des besoins | Communication avec des experts non-informaticiens', '2019-11-28 08:26:38'),
(6, 'Administrer des systèmes et réseaux', 'en assurant la cohérence des outils logiciels | en assurant l\'intégrité des données, des accès et des échanges', 'Gestion du parc et des ressources | Responsable de la maintenance du parc | Sauvegarde et archivage des données | Assistance technique auprès des utilisateurs', '2019-11-28 08:26:38'),
(7, 'Appliquer les principes du génie logiciel', 'en mettant en oeuvre de manière systématique le cycle de conception adapté | en utilisant les patrons de conception/architecturaux adaptés au problème | en assurant la qualité du développement : tests, documentation, respect des délais | en garantissant la sécurité', 'Rédaction de plans de tests | Gestion du développement du logiciel | Interface entre le client et l’équipe de développement | Mise en place de l’environnement de développement', '2019-11-28 08:26:38'),
(8, 'Intégrer les contraintes réciproques entre le monde physique et le monde virtuel', 'en tenant compte du matériel de déploiement (IoT, systèmes, temps-réel) | en tenant compte de l\'utilisateur (IHM, accessibilité) et de ses besoins | en tenant compte de l\'écosystème de déploiement et les ressources énergétiques nécessaires', 'Mise à jour de version d\'un logiciel métier | Migration d\'un service | Préparation de l\'écosystème numérique à l\'accueil d\'un service| Passage d\'un service en production', '2019-11-28 08:26:38'),
(9, 'Communiquer efficacement au sujet de son entreprise, de son organisation ou de\r\nson projet, tant en interne qu\'en externe', 'à l\'écrit et à l\'oral | tant sur des aspects techniques que non techniques | dans plusieurs langues dont l\'anglais', 'Représentation de l\'entreprise auprès de partenaires | Conduite d\'une réunion regroupant des représentants de la maitrise d\'oeuvre et de la maitrise douvrage | Production de supports en vue d\'une réunion | Rédaction de documentations d\'un logiciel | Rédaction de rapports (cahier des charges, spécifications...)', '2019-11-28 08:26:38'),
(10, 'Adapter ses pratiques et ses compétences dans un domaine en évolution\r\nconstante et rapide', 'en faisant évoluer son expertise dans une logique de formation continue\r\n| en faisant preuve de créativité et d\'autonomie | en faisant preuve d\'une rigueur scientifique de niveau universitaire', 'Suivi de l\'évolution des technologies, des méthodes de développement et des contraintes réglementaires | Recherche et analyse de différentes solutions pour répondre au mieux aux besoins du client | Adaptation à des environnements de travail différents', '2019-11-28 08:26:38'),
(11, 'Adopter une démarche responsable', 'en intégrant les aspects éthiques | en intégrant les aspects juridiques | en intégrant les aspects philosophiques | en intégrant les aspects environnementaux/écologiques | en intégrant la diversité des publics', 'Développement d\'outils mettant en jeu des données à caractère personnel | Amélioration de l\'efficience de services | Veille réglementaire | Ecoconception de services numériques | Prise en compte de l\'accessibilité dans le développement de services numériques', '2019-11-28 08:26:38');

-- --------------------------------------------------------

--
-- Table structure for table `directeur`
--

CREATE TABLE `directeur` (
  `id` int(11) NOT NULL,
  `nom` varchar(50) NOT NULL,
  `prenom` varchar(50) NOT NULL,
  `mail` varchar(100) NOT NULL,
  `login` varchar(10) NOT NULL,
  `pass` varchar(255) NOT NULL,
  `created_at` timestamp NOT NULL DEFAULT CURRENT_TIMESTAMP
) ENGINE=InnoDB DEFAULT CHARSET=latin1;

--
-- Dumping data for table `directeur`
--

INSERT INTO `directeur` (`id`, `nom`, `prenom`, `mail`, `login`, `pass`, `created_at`) VALUES
(1, 'Guillaume', 'Jean-Loup', 'jean-loup.guillaume@univ-lr.fr', 'jguillau', 'test', '2019-11-28 08:15:30'),
(2, 'Viaud', 'Jean-Francois', 'jean-francois.viaud@univ-lr.fr', 'jviaud', 'test2', '2019-11-28 08:15:30');

-- --------------------------------------------------------

--
-- Table structure for table `etudiant`
--

CREATE TABLE `etudiant` (
  `id` int(11) NOT NULL,
  `nom` varchar(50) NOT NULL,
  `prenom` varchar(50) NOT NULL,
  `mail` varchar(60) NOT NULL,
  `formation` int(11) DEFAULT NULL,
  `promo` varchar(11) NOT NULL,
  `created_at` timestamp NOT NULL DEFAULT CURRENT_TIMESTAMP
) ENGINE=InnoDB DEFAULT CHARSET=latin1;

--
-- Dumping data for table `etudiant`
--

INSERT INTO `etudiant` (`id`, `nom`, `prenom`, `mail`, `formation`, `promo`, `created_at`) VALUES
(1, 'Erable', 'Benjamin', 'benjamin.erable1@etudiant.univ-lr.fr', 3, 'm1', '2019-11-29 14:23:38'),
(2, 'Borderon', 'Kévin', 'kevin.borderon@etudiant.univ-lr.fr', 3, 'm1', '2019-11-29 14:23:38'),
(3, 'Bernier', 'Thomas', 'thomas.bernier@etudiant.univ-lr.fr', 3, 'm1', '2019-11-29 14:23:38'),
(4, 'Fumaroli', 'Nathan', 'nathan.fumaroli@etudiant.univ-lr.fr', 3, 'm1', '2019-11-29 14:23:38'),
(5, 'dehainault', 'Valentin', 'valentin.dehainault@etudiant.univ-lr.fr', 3, 'm1', '2019-11-29 14:23:38'),
(6, 'Bigot', 'Lois', 'lois.bigot@etudiant.univ-lr.fr', 3, 'm1', '2019-11-29 14:23:38'),
(7, 'Gnonla Kongbouali', 'Michael Rumnigue', 'michael.gnonla_kongbouali@etudiant.univ-lr.fr', 3, 'm1', '2019-11-29 14:23:38'),
(8, 'DaSilva', 'Jean', 'DaSilva.Jean@etudiant.univ-lr.fr', 1, 'l1', '2019-12-09 17:47:56'),
(9, 'Martin', 'Emilie', 'emilie.martin@etudiant.univ-lr.fr', 1, 'l1', '2019-12-10 09:35:02'),
(10, 'Bernard', 'Julie', 'julie.bernard@etudiant.univ-lr.fr', 1, 'l1', '2019-12-10 09:35:02'),
(11, 'Thomas', 'Theo', 'theo.thomas@etudiant.univ-lr.fr', 1, 'l1', '2019-12-10 09:35:02'),
(12, 'Petit', 'Franck', 'franck.petit@etudiant.univ-lr.fr', 1, 'l1', '2019-12-10 09:35:02'),
(13, 'Robert', 'Nathan', 'nathan.robert@etudiant.univ-lr.fr', 1, 'l1', '2019-12-10 09:35:02'),
(14, 'Richard', 'Aymeric', 'aymeric.richard@etudiant.univ-lr.fr', 1, 'l1', '2019-12-10 09:35:02'),
(15, 'Durand', 'Amaury', 'amaury.durand@etudiant.univ-lr.fr', 1, 'l1', '2019-12-10 09:35:02'),
(16, 'Dubois', 'Jules', 'jules.dubois@etudiant.univ-lr.fr', 1, 'l1', '2019-12-10 09:35:02'),
(17, 'Moreau', 'Julien', 'julien.moreau@etudiant.univ-lr.fr', 1, 'l1', '2019-12-10 09:35:02'),
(18, 'Laurent', 'Julien', 'julien.laurent@etudiant.univ-lr.fr', 1, 'l1', '2019-12-10 09:35:02'),
(19, 'Simon', 'Alban', 'alban.simon@etudiant.univ-lr.fr', 1, 'l1', '2019-12-10 09:35:02'),
(20, 'Michel', 'Remy', 'remy.michel@etudiant.univ-lr.fr', 1, 'l1', '2019-12-10 09:35:02'),
(21, 'Lefebvre', 'Léo', 'léo.lefebvre @etudiant.univ-lr.fr', 1, 'l1', '2019-12-10 09:35:02'),
(22, 'Leroy', 'Aurélien', 'aurélien.leroy@etudiant.univ-lr.fr', 1, 'l1', '2019-12-10 09:35:02'),
(23, 'Roux', 'Amandine', 'amandine.roux @etudiant.univ-lr.fr', 1, 'l1', '2019-12-10 09:35:02'),
(24, 'David', 'Maude', 'maude.david @etudiant.univ-lr.fr', 1, 'l1', '2019-12-10 09:35:02'),
(25, 'Bertrand', 'Mohamed', 'mohamed.bertrand @etudiant.univ-lr.fr', 1, 'l1', '2019-12-10 09:35:02'),
(26, 'Morel', 'Ali', 'ali.morel @etudiant.univ-lr.fr', 1, 'l1', '2019-12-10 09:35:02'),
(27, 'Fournier', 'Daniel', 'daniel.fournier @etudiant.univ-lr.fr', 1, 'l1', '2019-12-10 09:35:02'),
(28, 'Girard', 'Roger', 'roger.girard @etudiant.univ-lr.fr', 1, 'l1', '2019-12-10 09:35:02'),
(29, 'Bonnet', 'Robert', 'robert.bonnet @etudiant.univ-lr.fr', 1, 'l1', '2019-12-10 09:35:02'),
(30, 'Dupont', 'Paul', 'paul.dupont @etudiant.univ-lr.fr', 1, 'l1', '2019-12-10 09:35:02'),
(31, 'Lambert', 'Claude', 'claude.lambert @etudiant.univ-lr.fr', 1, 'l1', '2019-12-10 09:35:02'),
(32, 'Fontaine', 'Christian', 'christian.fontaine @etudiant.univ-lr.fr', 1, 'l1', '2019-12-10 09:35:02'),
(33, 'Rousseau', 'Henri', 'henri.rousseau @etudiant.univ-lr.fr', 1, 'l1', '2019-12-10 09:35:02'),
(34, 'Vincent', 'Georges', 'georges.vincent @etudiant.univ-lr.fr', 1, 'l1', '2019-12-10 09:35:02'),
(35, 'Muller', 'Nicolas', 'nicolas.muller @etudiant.univ-lr.fr', 1, 'l1', '2019-12-10 09:35:02'),
(36, 'Lefevre', 'François', 'françois.lefevre @etudiant.univ-lr.fr', 1, 'l1', '2019-12-10 09:35:02'),
(37, 'Faure', 'Patrick', 'patrick.faure @etudiant.univ-lr.fr', 1, 'l1', '2019-12-10 09:35:02'),
(38, 'Andre', 'Gérard', 'gérard.andre @etudiant.univ-lr.fr', 1, 'l1', '2019-12-10 09:35:02'),
(39, 'Mercier', 'Christophe', 'christophe.mercier @etudiant.univ-lr.fr', 1, 'l1', '2019-12-10 09:35:02'),
(40, 'Blanc', 'Joseph', 'joseph.blanc @etudiant.univ-lr.fr', 1, 'l1', '2019-12-10 09:35:02'),
(41, 'Guerin', 'Julien', 'julien.guerin @etudiant.univ-lr.fr', 1, 'l1', '2019-12-10 09:35:02'),
(42, 'Boyer', 'Maurice', 'maurice.boyer @etudiant.univ-lr.fr', 1, 'l1', '2019-12-10 09:35:02'),
(43, 'Garnier', 'Laurent', 'laurent.garnier @etudiant.univ-lr.fr', 1, 'l1', '2019-12-10 09:35:02'),
(44, 'Chevalier', 'Frédéric', 'frédéric.chevalier @etudiant.univ-lr.fr', 1, 'l1', '2019-12-10 09:35:02'),
(45, 'Francois', 'Eric', 'eric.francois @etudiant.univ-lr.fr', 1, 'l1', '2019-12-10 09:35:02'),
(46, 'Legrand', 'David', 'david.legrand @etudiant.univ-lr.fr', 1, 'l1', '2019-12-10 09:35:02'),
(47, 'Gauthier', 'Stéphane', 'stéphane.gauthier @etudiant.univ-lr.fr', 1, 'l1', '2019-12-10 09:35:02'),
(48, 'Garcia', 'Pascal', 'pascal.garcia @etudiant.univ-lr.fr', 1, 'l1', '2019-12-10 09:35:02'),
(49, 'Perrin', 'Sébastien', 'sébastien.perrin @etudiant.univ-lr.fr', 1, 'l1', '2019-12-10 09:35:02'),
(50, 'Robin', 'Alexandre', 'alexandre.robin @etudiant.univ-lr.fr', 1, 'l1', '2019-12-10 09:35:02'),
(51, 'Clement', 'Thierry', 'thierry.clement @etudiant.univ-lr.fr', 1, 'l1', '2019-12-10 09:35:02'),
(52, 'Morin', 'Olivier', 'olivier.morin @etudiant.univ-lr.fr', 1, 'l1', '2019-12-10 09:35:02'),
(53, 'Nicolas', 'Thomas', 'thomas.nicolas @etudiant.univ-lr.fr', 1, 'l1', '2019-12-10 09:35:02'),
(54, 'Henry', 'Antoine', 'antoine.henry @etudiant.univ-lr.fr', 1, 'l1', '2019-12-10 09:35:02'),
(55, 'Roussel', 'Raymond', 'raymond.roussel @etudiant.univ-lr.fr', 1, 'l1', '2019-12-10 09:35:02'),
(56, 'Mathieu', 'Guy', 'guy.mathieu @etudiant.univ-lr.fr', 1, 'l1', '2019-12-10 09:35:02'),
(57, 'Gautier', 'Dominique', 'dominique.gautier @etudiant.univ-lr.fr', 1, 'l1', '2019-12-10 09:35:02'),
(58, 'Masson', 'Charles', 'charles.masson @etudiant.univ-lr.fr', 1, 'l1', '2019-12-10 09:35:02'),
(59, 'Marchand', 'Didier', 'didier.marchand @etudiant.univ-lr.fr', 1, 'l1', '2019-12-10 09:35:02'),
(60, 'Duval', 'Marc', 'marc.duval @etudiant.univ-lr.fr', 1, 'l1', '2019-12-10 09:35:02'),
(61, 'Denis', 'Vincent', 'vincent.denis @etudiant.univ-lr.fr', 1, 'l1', '2019-12-10 09:35:02'),
(62, 'Dumont', 'Yves', 'yves.dumont @etudiant.univ-lr.fr', 1, 'l1', '2019-12-10 09:35:02'),
(63, 'Marie', 'Guillaume', 'guillaume.marie @etudiant.univ-lr.fr', 1, 'l1', '2019-12-10 09:35:02'),
(64, 'Lemaire', 'Bruno', 'bruno.lemaire @etudiant.univ-lr.fr', 1, 'l1', '2019-12-10 09:35:02'),
(65, 'Noel', 'Serge', 'serge.noel @etudiant.univ-lr.fr', 1, 'l1', '2019-12-10 09:35:02'),
(66, 'Meyer', 'Maxime', 'maxime.meyer @etudiant.univ-lr.fr', 1, 'l1', '2019-12-10 09:35:02'),
(67, 'Dufour', 'Lucien', 'lucien.dufour @etudiant.univ-lr.fr', 1, 'l1', '2019-12-10 09:35:02'),
(68, 'Meunier', 'Jean-Pierre', 'jean-pierre.meunier @etudiant.univ-lr.fr', 1, 'l1', '2019-12-10 09:35:02'),
(69, 'Brun', 'Albert', 'albert.brun @etudiant.univ-lr.fr', 1, 'l1', '2019-12-10 09:35:02'),
(70, 'Blanchard', 'Romain', 'romain.blanchard @etudiant.univ-lr.fr', 1, 'l1', '2019-12-10 09:35:02'),
(71, 'Giraud', 'Jerome', 'jerome.giraud @etudiant.univ-lr.fr', 1, 'l1', '2019-12-10 09:35:02'),
(72, 'Joly', 'Gilbert', 'gilbert.joly @etudiant.univ-lr.fr', 1, 'l1', '2019-12-10 09:35:02'),
(73, 'Riviere', 'Franck', 'franck.riviere @etudiant.univ-lr.fr', 1, 'l1', '2019-12-10 09:35:02'),
(74, 'Lucas', 'Gilles', 'gilles.lucas @etudiant.univ-lr.fr', 1, 'l1', '2019-12-10 09:35:02'),
(75, 'Brunet', 'Gabriel', 'gabriel.brunet @etudiant.univ-lr.fr', 1, 'l1', '2019-12-10 09:35:02'),
(76, 'Gaillard', 'Anthony', 'anthony.gaillard @etudiant.univ-lr.fr', 1, 'l1', '2019-12-10 09:35:02'),
(77, 'Barbier', 'Jean-Claude', 'jean-claude.barbier @etudiant.univ-lr.fr', 1, 'l1', '2019-12-10 09:35:02'),
(78, 'Arnaud', 'Clément', 'clément.arnaud @etudiant.univ-lr.fr', 1, 'l1', '2019-12-10 09:35:02'),
(79, 'Martinez', 'Francis', 'francis.martinez @etudiant.univ-lr.fr', 1, 'l1', '2019-12-10 09:35:02'),
(80, 'Gerard', 'Emile', 'emile.gerard @etudiant.univ-lr.fr', 1, 'l1', '2019-12-10 09:35:02'),
(81, 'Roche', 'Lucas', 'lucas.roche @etudiant.univ-lr.fr', 1, 'l1', '2019-12-10 09:35:02'),
(82, 'Renard', 'Denis', 'denis.renard @etudiant.univ-lr.fr', 1, 'l1', '2019-12-10 09:35:02'),
(83, 'Schmitt', 'Kevin', 'kevin.schmitt @etudiant.univ-lr.fr', 1, 'l2', '2019-12-10 09:35:02'),
(84, 'Roy', 'Mathieu', 'mathieu.roy @etudiant.univ-lr.fr', 1, 'l2', '2019-12-10 09:35:02'),
(85, 'Leroux', 'Jules', 'jules.leroux @etudiant.univ-lr.fr', 1, 'l2', '2019-12-10 09:35:02'),
(86, 'Colin', 'Benjamin', 'benjamin.colin @etudiant.univ-lr.fr', 1, 'l2', '2019-12-10 09:35:02'),
(87, 'Vidal', 'Alexis', 'alexis.vidal @etudiant.univ-lr.fr', 1, 'l2', '2019-12-10 09:35:02'),
(88, 'Caron', 'Joël', 'joël.caron @etudiant.univ-lr.fr', 1, 'l2', '2019-12-10 09:35:02'),
(89, 'Picard', 'Hervé', 'hervé.picard @etudiant.univ-lr.fr', 1, 'l2', '2019-12-10 09:35:02'),
(90, 'Roger', 'Patrice', 'patrice.roger @etudiant.univ-lr.fr', 1, 'l2', '2019-12-10 09:35:02'),
(91, 'Fabre', 'Sylvain', 'sylvain.fabre @etudiant.univ-lr.fr', 1, 'l2', '2019-12-10 09:35:02'),
(92, 'Aubert', 'Hugo', 'hugo.aubert @etudiant.univ-lr.fr', 1, 'l2', '2019-12-10 09:35:02'),
(93, 'Lemoine', 'Emmanuel', 'emmanuel.lemoine @etudiant.univ-lr.fr', 1, 'l2', '2019-12-10 09:35:02'),
(94, 'Renaud', 'Adrien', 'adrien.renaud @etudiant.univ-lr.fr', 1, 'l2', '2019-12-10 09:35:02'),
(95, 'Dumas', 'Fabrice', 'fabrice.dumas @etudiant.univ-lr.fr', 1, 'l2', '2019-12-10 09:35:02'),
(96, 'Lacroix', 'Arnaud', 'arnaud.lacroix @etudiant.univ-lr.fr', 1, 'l2', '2019-12-10 09:35:02'),
(97, 'Olivier', 'Cedric', 'cedric.olivier @etudiant.univ-lr.fr', 1, 'l2', '2019-12-10 09:35:02'),
(98, 'Philippe', 'Roland', 'roland.philippe @etudiant.univ-lr.fr', 1, 'l2', '2019-12-10 09:35:02'),
(99, 'Bourgeois', 'Raphaël', 'raphaël.bourgeois @etudiant.univ-lr.fr', 1, 'l2', '2019-12-10 09:35:02'),
(100, 'Pierre', 'Florian', 'florian.pierre @etudiant.univ-lr.fr', 1, 'l2', '2019-12-10 09:35:02'),
(101, 'Benoit', 'Quentin', 'quentin.benoit @etudiant.univ-lr.fr', 1, 'l2', '2019-12-10 09:35:02'),
(102, 'Rey', 'Ludovic', 'ludovic.rey @etudiant.univ-lr.fr', 1, 'l2', '2019-12-10 09:35:02'),
(103, 'Leclerc', 'Damien', 'damien.leclerc @etudiant.univ-lr.fr', 1, 'l2', '2019-12-10 09:35:02'),
(104, 'Payet', 'Benoît', 'benoît.payet @etudiant.univ-lr.fr', 1, 'l2', '2019-12-10 09:35:02'),
(105, 'Rolland', 'Victor', 'victor.rolland @etudiant.univ-lr.fr', 1, 'l2', '2019-12-10 09:35:02'),
(106, 'Leclercq', 'Fernand', 'fernand.leclercq @etudiant.univ-lr.fr', 1, 'l2', '2019-12-10 09:35:02'),
(107, 'Guillaume', 'Léon', 'léon.guillaume @etudiant.univ-lr.fr', 1, 'l2', '2019-12-10 09:35:02'),
(108, 'Lecomte', 'Jeremy', 'jeremy.lecomte @etudiant.univ-lr.fr', 1, 'l2', '2019-12-10 09:35:02'),
(109, 'Lopez', 'Jean-Luc', 'jean-luc.lopez @etudiant.univ-lr.fr', 1, 'l2', '2019-12-10 09:35:02'),
(110, 'Jean', 'Arthur', 'arthur.jean @etudiant.univ-lr.fr', 1, 'l2', '2019-12-10 09:35:02'),
(111, 'Dupuy', 'Théo', 'théo.dupuy @etudiant.univ-lr.fr', 1, 'l2', '2019-12-10 09:35:02'),
(112, 'Guillot', 'Xavier', 'xavier.guillot @etudiant.univ-lr.fr', 1, 'l2', '2019-12-10 09:35:02'),
(113, 'Hubert', 'Fabien', 'fabien.hubert @etudiant.univ-lr.fr', 1, 'l2', '2019-12-10 09:35:02'),
(114, 'Berger', 'Enzo', 'enzo.berger @etudiant.univ-lr.fr', 1, 'l2', '2019-12-10 09:35:02'),
(115, 'Carpentier', 'Mickael', 'mickael.carpentier @etudiant.univ-lr.fr', 1, 'l2', '2019-12-10 09:35:02'),
(116, 'Sanchez', 'Claire', 'claire.sanchez @etudiant.univ-lr.fr', 1, 'l2', '2019-12-10 09:35:02'),
(117, 'Dupuis', 'Anna', 'anna.dupuis @etudiant.univ-lr.fr', 1, 'l2', '2019-12-10 09:35:02'),
(118, 'Moulin', 'Alice', 'alice.moulin @etudiant.univ-lr.fr', 1, 'l2', '2019-12-10 09:35:02'),
(119, 'Louis', 'Marie', 'marie.louis @etudiant.univ-lr.fr', 1, 'l2', '2019-12-10 09:35:02'),
(120, 'Deschamps', 'Amina', 'amina.deschamps @etudiant.univ-lr.fr', 1, 'l2', '2019-12-10 09:35:02'),
(121, 'Huet', 'Flore', 'flore.huet @etudiant.univ-lr.fr', 1, 'l2', '2019-12-10 09:35:02'),
(122, 'Vasseur', 'Elias', 'elias.vasseur @etudiant.univ-lr.fr', 1, 'l2', '2019-12-10 09:35:02'),
(123, 'Perez', 'Matthieu', 'matthieu.perez @etudiant.univ-lr.fr', 1, 'l2', '2019-12-10 09:35:02'),
(124, 'Boucher', 'Tristan', 'tristan.boucher @etudiant.univ-lr.fr', 1, 'l2', '2019-12-10 09:35:02'),
(125, 'Fleury', 'Timothee', 'timothee.fleury @etudiant.univ-lr.fr', 1, 'l2', '2019-12-10 09:35:02'),
(126, 'Royer', 'Mathieu', 'mathieu.royer @etudiant.univ-lr.fr', 1, 'l2', '2019-12-10 09:35:02'),
(127, 'Klein', 'Matteo', 'matteo.klein @etudiant.univ-lr.fr', 1, 'l2', '2019-12-10 09:35:02'),
(128, 'Jacquet', 'William', 'william.jacquet @etudiant.univ-lr.fr', 1, 'l2', '2019-12-10 09:35:03'),
(129, 'Adam', 'Amine', 'amine.adam @etudiant.univ-lr.fr', 1, 'l2', '2019-12-10 09:35:03'),
(130, 'Paris', 'Felix', 'felix.paris @etudiant.univ-lr.fr', 1, 'l2', '2019-12-10 09:35:03'),
(131, 'Poirier', 'Côme', 'côme.poirier @etudiant.univ-lr.fr', 1, 'l2', '2019-12-10 09:35:03'),
(132, 'Marty', 'Ruben', 'ruben.marty @etudiant.univ-lr.fr', 1, 'l2', '2019-12-10 09:35:03'),
(133, 'Aubry', 'Ulysse', 'ulysse.aubry @etudiant.univ-lr.fr', 1, 'l2', '2019-12-10 09:35:03'),
(134, 'Guyot', 'Antonin', 'antonin.guyot @etudiant.univ-lr.fr', 1, 'l2', '2019-12-10 09:35:03'),
(135, 'Carre', 'Guillaume', 'guillaume.carre @etudiant.univ-lr.fr', 1, 'l2', '2019-12-10 09:35:03'),
(136, 'Charles', 'Aurelien', 'aurelien.charles @etudiant.univ-lr.fr', 1, 'l2', '2019-12-10 09:35:03'),
(137, 'Renault', 'Robin', 'robin.renault @etudiant.univ-lr.fr', 1, 'l2', '2019-12-10 09:35:03'),
(138, 'Charpentier', 'Maël', 'maël.charpentier @etudiant.univ-lr.fr', 1, 'l2', '2019-12-10 09:35:03'),
(139, 'Menard', 'Kevin', 'kevin.menard @etudiant.univ-lr.fr', 1, 'l2', '2019-12-10 09:35:03'),
(140, 'Maillard', 'Mehdi', 'mehdi.maillard @etudiant.univ-lr.fr', 1, 'l2', '2019-12-10 09:35:03'),
(141, 'Baron', 'Ismaël', 'ismaël.baron @etudiant.univ-lr.fr', 1, 'l2', '2019-12-10 09:35:03'),
(142, 'Bertin', 'Liam', 'liam.bertin @etudiant.univ-lr.fr', 1, 'l2', '2019-12-10 09:35:03'),
(143, 'Bailly', 'Gabin', 'gabin.bailly @etudiant.univ-lr.fr', 1, 'l2', '2019-12-10 09:35:03'),
(144, 'Herve', 'Noam', 'noam.herve @etudiant.univ-lr.fr', 1, 'l2', '2019-12-10 09:35:03'),
(145, 'Schneider', 'Evan', 'evan.schneider @etudiant.univ-lr.fr', 1, 'l2', '2019-12-10 09:35:03'),
(146, 'Fernandez', 'Marius', 'marius.fernandez @etudiant.univ-lr.fr', 1, 'l2', '2019-12-10 09:35:03'),
(147, 'LeGall', 'Mathias', 'mathias.legall @etudiant.univ-lr.fr', 1, 'l2', '2019-12-10 09:35:03'),
(148, 'Collet', 'Isaac', 'isaac.collet @etudiant.univ-lr.fr', 1, 'l2', '2019-12-10 09:35:03'),
(149, 'Leger', 'Samy', 'samy.leger @etudiant.univ-lr.fr', 1, 'l2', '2019-12-10 09:35:03'),
(150, 'Bouvier', 'Ibrahim', 'ibrahim.bouvier @etudiant.univ-lr.fr', 1, 'l2', '2019-12-10 09:35:03'),
(151, 'Julien', 'Basile', 'basile.julien @etudiant.univ-lr.fr', 1, 'l2', '2019-12-10 09:35:03'),
(152, 'Prevost', 'Daniel', 'daniel.prevost @etudiant.univ-lr.fr', 1, 'l2', '2019-12-10 09:35:03'),
(153, 'Millet', 'Emile', 'emile.millet @etudiant.univ-lr.fr', 1, 'l2', '2019-12-10 09:35:03'),
(154, 'Perrot', 'Lucien', 'lucien.perrot @etudiant.univ-lr.fr', 1, 'l2', '2019-12-10 09:35:03'),
(155, 'Daniel', 'Elie', 'elie.daniel @etudiant.univ-lr.fr', 1, 'l2', '2019-12-10 09:35:03'),
(156, 'LeRoux', 'Rayane', 'rayane.leroux @etudiant.univ-lr.fr', 1, 'l2', '2019-12-10 09:35:03'),
(157, 'Cousin', 'Leonard', 'leonard.cousin @etudiant.univ-lr.fr', 2, 'l3', '2019-12-10 09:35:03'),
(158, 'Germain', 'Thibault', 'thibault.germain @etudiant.univ-lr.fr', 2, 'l3', '2019-12-10 09:35:03'),
(159, 'Breton', 'Achille', 'achille.breton @etudiant.univ-lr.fr', 2, 'l3', '2019-12-10 09:35:03'),
(160, 'Besson', 'Leon', 'leon.besson @etudiant.univ-lr.fr', 2, 'l3', '2019-12-10 09:35:03'),
(161, 'Langlois', 'Edouard', 'edouard.langlois @etudiant.univ-lr.fr', 2, 'l3', '2019-12-10 09:35:03'),
(162, 'Remy', 'Hadrien', 'hadrien.remy @etudiant.univ-lr.fr', 2, 'l3', '2019-12-10 09:35:03'),
(163, 'LeGoff', 'Lenny', 'lenny.legoff @etudiant.univ-lr.fr', 2, 'l3', '2019-12-10 09:35:03'),
(164, 'Pelletier', 'Matheo', 'matheo.pelletier @etudiant.univ-lr.fr', 2, 'l3', '2019-12-10 09:35:03'),
(165, 'Leveque', 'Malo', 'malo.leveque @etudiant.univ-lr.fr', 2, 'l3', '2019-12-10 09:35:03'),
(166, 'Perrier', 'Titouan', 'titouan.perrier @etudiant.univ-lr.fr', 2, 'l3', '2019-12-10 09:35:03'),
(167, 'Leblanc', 'Solal', 'solal.leblanc @etudiant.univ-lr.fr', 2, 'l3', '2019-12-10 09:35:03'),
(168, 'Barre', 'Joshua', 'joshua.barre @etudiant.univ-lr.fr', 2, 'l3', '2019-12-10 09:35:03'),
(169, 'Lebrun', 'Max', 'max.lebrun @etudiant.univ-lr.fr', 2, 'l3', '2019-12-10 09:35:03'),
(170, 'Marchal', 'Gregoire', 'gregoire.marchal @etudiant.univ-lr.fr', 2, 'l3', '2019-12-10 09:35:03'),
(171, 'Weber', 'Vincent', 'vincent.weber @etudiant.univ-lr.fr', 2, 'l3', '2019-12-10 09:35:03'),
(172, 'Mallet', 'Youssef', 'youssef.mallet @etudiant.univ-lr.fr', 2, 'l3', '2019-12-10 09:35:03'),
(173, 'Hamon', 'Luca', 'luca.hamon @etudiant.univ-lr.fr', 2, 'l3', '2019-12-10 09:35:03'),
(174, 'Boulanger', 'Esteban', 'esteban.boulanger @etudiant.univ-lr.fr', 2, 'l3', '2019-12-10 09:35:03'),
(175, 'Jacob', 'Yacine', 'yacine.jacob @etudiant.univ-lr.fr', 2, 'l3', '2019-12-10 09:35:03'),
(176, 'Monnier', 'Florian', 'florian.monnier @etudiant.univ-lr.fr', 2, 'l3', '2019-12-10 09:35:03'),
(177, 'Michaud', 'Corentin', 'corentin.michaud @etudiant.univ-lr.fr', 2, 'l3', '2019-12-10 09:35:03'),
(178, 'Rodriguez', 'Amaury', 'amaury.rodriguez @etudiant.univ-lr.fr', 2, 'l3', '2019-12-10 09:35:03'),
(179, 'Guichard', 'Edgar', 'edgar.guichard @etudiant.univ-lr.fr', 2, 'l3', '2019-12-10 09:35:03'),
(180, 'Gillet', 'Yassine', 'yassine.gillet @etudiant.univ-lr.fr', 2, 'l3', '2019-12-10 09:35:03'),
(181, 'Etienne', 'Roman', 'roman.etienne @etudiant.univ-lr.fr', 2, 'l3', '2019-12-10 09:35:03'),
(182, 'Grondin', 'Milo', 'milo.grondin @etudiant.univ-lr.fr', 2, 'l3', '2019-12-10 09:35:03'),
(183, 'Poulain', 'Octave', 'octave.poulain @etudiant.univ-lr.fr', 2, 'l3', '2019-12-10 09:35:03'),
(184, 'Tessier', 'Hector', 'hector.tessier @etudiant.univ-lr.fr', 2, 'l3', '2019-12-10 09:35:03'),
(185, 'Chevallier', 'Ahmed', 'ahmed.chevallier @etudiant.univ-lr.fr', 2, 'l3', '2019-12-10 09:35:03'),
(186, 'Collin', 'Hippolyte', 'hippolyte.collin @etudiant.univ-lr.fr', 2, 'l3', '2019-12-10 09:35:03'),
(187, 'Chauvin', 'Dylan', 'dylan.chauvin @etudiant.univ-lr.fr', 2, 'l3', '2019-12-10 09:35:03'),
(188, 'DaSilva', 'Ayoub', 'ayoub.dasilva @etudiant.univ-lr.fr', 2, 'l3', '2019-12-10 09:35:03'),
(189, 'Bouchet', 'Emmanuel', 'emmanuel.bouchet @etudiant.univ-lr.fr', 2, 'l3', '2019-12-10 09:35:03'),
(190, 'Gay', 'Nolan', 'nolan.gay @etudiant.univ-lr.fr', 2, 'l3', '2019-12-10 09:35:03'),
(191, 'Lemaitre', 'Abel', 'abel.lemaitre @etudiant.univ-lr.fr', 2, 'l3', '2019-12-10 09:35:03'),
(192, 'Benard', 'Yann', 'yann.benard @etudiant.univ-lr.fr', 2, 'l3', '2019-12-10 09:35:03'),
(193, 'Marechal', 'Mamadou', 'mamadou.marechal @etudiant.univ-lr.fr', 2, 'l3', '2019-12-10 09:35:03'),
(194, 'Humbert', 'Ali', 'ali.humbert @etudiant.univ-lr.fr', 2, 'l3', '2019-12-10 09:35:03'),
(195, 'Reynaud', 'Anatole', 'anatole.reynaud @etudiant.univ-lr.fr', 2, 'l3', '2019-12-10 09:35:03'),
(196, 'Antoine', 'Etienne', 'etienne.antoine @etudiant.univ-lr.fr', 2, 'l3', '2019-12-10 09:35:03'),
(197, 'Hoarau', 'Naël', 'naël.hoarau @etudiant.univ-lr.fr', 2, 'l3', '2019-12-10 09:35:03'),
(198, 'Perret', 'Anis', 'anis.perret @etudiant.univ-lr.fr', 2, 'l3', '2019-12-10 09:35:03'),
(199, 'Barthelemy', 'Erwan', 'erwan.barthelemy @etudiant.univ-lr.fr', 2, 'l3', '2019-12-10 09:35:03'),
(200, 'Cordier', 'Stanislas', 'stanislas.cordier @etudiant.univ-lr.fr', 2, 'l3', '2019-12-10 09:35:03'),
(201, 'Pichon', 'Theodore', 'theodore.pichon @etudiant.univ-lr.fr', 2, 'l3', '2019-12-10 09:35:03'),
(202, 'Lejeune', 'Armand', 'armand.lejeune @etudiant.univ-lr.fr', 2, 'l3', '2019-12-10 09:35:03'),
(203, 'Gilbert', 'Moussa', 'moussa.gilbert @etudiant.univ-lr.fr', 2, 'l3', '2019-12-10 09:35:03'),
(204, 'Lamy', 'Marc', 'marc.lamy @etudiant.univ-lr.fr', 2, 'l3', '2019-12-10 09:35:03'),
(205, 'Delaunay', 'Ilyes', 'ilyes.delaunay @etudiant.univ-lr.fr', 2, 'l3', '2019-12-10 09:35:03'),
(206, 'Pasquier', 'Theophile', 'theophile.pasquier @etudiant.univ-lr.fr', 2, 'l3', '2019-12-10 09:35:03'),
(207, 'Carlier', 'Lorenzo', 'lorenzo.carlier @etudiant.univ-lr.fr', 2, 'l3', '2019-12-10 09:35:03'),
(208, 'Laporte', 'Ryan', 'ryan.laporte @etudiant.univ-lr.fr', 2, 'l3', '2019-12-10 09:35:03'),
(209, 'Wary', 'Diego', 'diego.wary@etudiant.univ-lr.fr', 2, 'l3', '2019-12-10 09:35:03'),
(210, 'Tavares', 'Pablo', 'pablo.tavares@etudiant.univ-lr.fr', 2, 'l3', '2019-12-10 09:35:03'),
(211, 'Desousa', 'Nils', 'nils.desousa@etudiant.univ-lr.fr', 2, 'l3', '2019-12-10 09:35:03'),
(212, 'Hengeldin', 'Rafael', 'rafael.hengeldin@etudiant.univ-lr.fr', 2, 'l3', '2019-12-10 09:35:03'),
(213, 'Darpa', 'Sofiane', 'sofiane.darpa@etudiant.univ-lr.fr', 2, 'l3', '2019-12-10 09:35:03'),
(214, 'Cartier', 'Alex', 'alex.cartier@etudiant.univ-lr.fr', 2, 'l3', '2019-12-10 09:35:03'),
(215, 'Alazard', 'Vadim', 'vadim.alazard@etudiant.univ-lr.fr', 2, 'l3', '2019-12-10 09:35:03'),
(216, 'Delhoume', 'Amir', 'amir.delhoume@etudiant.univ-lr.fr', 2, 'l3', '2019-12-10 09:35:03'),
(217, 'Bagot', 'Kylian', 'kylian.bagot@etudiant.univ-lr.fr', 2, 'l3', '2019-12-10 09:35:03'),
(218, 'Taison', 'Jeremy', 'jeremy.taison@etudiant.univ-lr.fr', 2, 'l3', '2019-12-10 09:35:03'),
(219, 'Pison', 'Gustave', 'gustave.pison@etudiant.univ-lr.fr', 2, 'l3', '2019-12-10 09:35:03'),
(220, 'Chauveau', 'Arsène', 'arsène.chauveau@etudiant.univ-lr.fr', 2, 'l3', '2019-12-10 09:35:03'),
(221, 'Martineau', 'Loïc', 'loïc.martineau@etudiant.univ-lr.fr', 2, 'l3', '2019-12-10 09:35:03'),
(222, 'Hernandez', 'Leopold', 'leopold.hernandez@etudiant.univ-lr.fr', 2, 'l3', '2019-12-10 09:35:03'),
(223, 'Neveu', 'Cesar', 'cesar.neveu@etudiant.univ-lr.fr', 2, 'l3', '2019-12-10 09:35:03'),
(224, 'Peron', 'Elliot', 'elliot.peron@etudiant.univ-lr.fr', 2, 'l3', '2019-12-10 09:35:03'),
(225, 'Delahaye', 'Mateo', 'mateo.delahaye@etudiant.univ-lr.fr', 2, 'l3', '2019-12-10 09:35:03'),
(226, 'Vial', 'Wassim', 'wassim.vial@etudiant.univ-lr.fr', 3, 'm1', '2019-12-10 09:35:03'),
(227, 'Blot', 'Nino', 'nino.blot@etudiant.univ-lr.fr', 3, 'm1', '2019-12-10 09:35:03'),
(228, 'Delage', 'Anthony', 'anthony.delage@etudiant.univ-lr.fr', 3, 'm1', '2019-12-10 09:35:03'),
(229, 'Lemonnier', 'Jonathan', 'jonathan.lemonnier@etudiant.univ-lr.fr', 3, 'm1', '2019-12-10 09:35:03'),
(230, 'Petitjean', 'Anton', 'anton.petitjean@etudiant.univ-lr.fr', 3, 'm1', '2019-12-10 09:35:03'),
(231, 'Maurin', 'François', 'françois.maurin@etudiant.univ-lr.fr', 3, 'm1', '2019-12-10 09:35:03'),
(232, 'Rodrigues', 'Dorian', 'dorian.rodrigues@etudiant.univ-lr.fr', 3, 'm1', '2019-12-10 09:35:03'),
(233, 'Cros', 'Eliot', 'eliot.cros@etudiant.univ-lr.fr', 3, 'm1', '2019-12-10 09:35:03'),
(234, 'Lafon', 'Remi', 'remi.lafon@etudiant.univ-lr.fr', 3, 'm1', '2019-12-10 09:35:03'),
(235, 'Faivre', 'Milan', 'milan.faivre@etudiant.univ-lr.fr', 3, 'm1', '2019-12-10 09:35:03'),
(236, 'Chretien', 'Mathys', 'mathys.chretien@etudiant.univ-lr.fr', 3, 'm1', '2019-12-10 09:35:03'),
(237, 'Fouquet', 'Hamza', 'hamza.fouquet@etudiant.univ-lr.fr', 3, 'm1', '2019-12-10 09:35:03'),
(238, 'Serre', 'Marin', 'marin.serre@etudiant.univ-lr.fr', 3, 'm1', '2019-12-10 09:35:03'),
(239, 'Favre', 'Henri', 'henri.favre@etudiant.univ-lr.fr', 3, 'm1', '2019-12-10 09:35:03'),
(240, 'Becker', 'Maximilien', 'maximilien.becker@etudiant.univ-lr.fr', 3, 'm1', '2019-12-10 09:35:03'),
(241, 'Foucher', 'Ilian', 'ilian.foucher@etudiant.univ-lr.fr', 3, 'm1', '2019-12-10 09:35:03'),
(242, 'Guyon', 'Sami', 'sami.guyon@etudiant.univ-lr.fr', 3, 'm1', '2019-12-10 09:35:03'),
(243, 'Joseph', 'Nathanaël', 'nathanaël.joseph@etudiant.univ-lr.fr', 3, 'm1', '2019-12-10 09:35:03'),
(244, 'Mace', 'Nassim', 'nassim.mace@etudiant.univ-lr.fr', 3, 'm1', '2019-12-10 09:35:03'),
(245, 'Dos Santos', 'Issa', 'issa.dos santos@etudiant.univ-lr.fr', 3, 'm1', '2019-12-10 09:35:03'),
(246, 'Gallet', 'Zakaria', 'zakaria.gallet@etudiant.univ-lr.fr', 3, 'm1', '2019-12-10 09:35:03'),
(247, 'Charbonnier', 'Luc', 'luc.charbonnier@etudiant.univ-lr.fr', 3, 'm1', '2019-12-10 09:35:03'),
(248, 'Bouvet', 'Joachim', 'joachim.bouvet@etudiant.univ-lr.fr', 3, 'm1', '2019-12-10 09:35:03'),
(249, 'Salmon', 'Bastien', 'bastien.salmon@etudiant.univ-lr.fr', 3, 'm1', '2019-12-10 09:35:03'),
(250, 'Le Corre', 'Dimitri', 'dimitri.le corre@etudiant.univ-lr.fr', 3, 'm1', '2019-12-10 09:35:03'),
(251, 'Fernandes', 'Luka', 'luka.fernandes@etudiant.univ-lr.fr', 3, 'm1', '2019-12-10 09:35:03'),
(252, 'Bernier', 'Djibril', 'djibril.bernier@etudiant.univ-lr.fr', 3, 'm1', '2019-12-10 09:35:03'),
(253, 'Rossignol', 'Ilan', 'ilan.rossignol@etudiant.univ-lr.fr', 3, 'm1', '2019-12-10 09:35:03'),
(254, 'Delannoy', 'Romeo', 'romeo.delannoy@etudiant.univ-lr.fr', 3, 'm1', '2019-12-10 09:35:03'),
(255, 'Levy', 'Olivier', 'olivier.levy@etudiant.univ-lr.fr', 3, 'm1', '2019-12-10 09:35:03'),
(256, 'Prigent', 'Virgile', 'virgile.prigent@etudiant.univ-lr.fr', 3, 'm1', '2019-12-10 09:35:03'),
(257, 'Lecoq', 'Kaïs', 'kaïs.lecoq@etudiant.univ-lr.fr', 3, 'm1', '2019-12-10 09:35:03'),
(258, 'Thierry', 'Auguste', 'auguste.thierry@etudiant.univ-lr.fr', 3, 'm1', '2019-12-10 09:35:03'),
(259, 'Cornu', 'Damien', 'damien.cornu@etudiant.univ-lr.fr', 3, 'm1', '2019-12-10 09:35:03'),
(260, 'Girault', 'Timothe', 'timothe.girault@etudiant.univ-lr.fr', 3, 'm1', '2019-12-10 09:35:03'),
(261, 'Jourdain', 'Noham', 'noham.jourdain@etudiant.univ-lr.fr', 3, 'm1', '2019-12-10 09:35:03'),
(262, 'Begue', 'Alban', 'alban.begue@etudiant.univ-lr.fr', 3, 'm1', '2019-12-10 09:35:03'),
(263, 'Andrieu', 'Bilal', 'bilal.andrieu@etudiant.univ-lr.fr', 3, 'm1', '2019-12-10 09:35:03'),
(264, 'Maurel', 'Younes', 'younes.maurel@etudiant.univ-lr.fr', 3, 'm1', '2019-12-10 09:35:03'),
(265, 'Ruiz', 'Eric', 'eric.ruiz@etudiant.univ-lr.fr', 3, 'm1', '2019-12-10 09:35:03'),
(266, 'Parmentier', 'Tiago', 'tiago.parmentier@etudiant.univ-lr.fr', 3, 'm2', '2019-12-10 09:35:03'),
(267, 'Guy', 'Souleymane', 'souleymane.guy@etudiant.univ-lr.fr', 3, 'm2', '2019-12-10 09:35:03'),
(268, 'Laborde', 'Omar', 'omar.laborde@etudiant.univ-lr.fr', 3, 'm2', '2019-12-10 09:35:03'),
(269, 'Gras', 'Zacharie', 'zacharie.gras@etudiant.univ-lr.fr', 3, 'm2', '2019-12-10 09:35:03'),
(270, 'Goncalves', 'Eloi', 'eloi.goncalves@etudiant.univ-lr.fr', 3, 'm2', '2019-12-10 09:35:03'),
(271, 'Castel', 'Adem', 'adem.castel@etudiant.univ-lr.fr', 3, 'm2', '2019-12-10 09:35:03'),
(272, 'Gervais', 'Jonas', 'jonas.gervais@etudiant.univ-lr.fr', 3, 'm2', '2019-12-10 09:35:03'),
(273, 'Boulay', 'Matthias', 'matthias.boulay@etudiant.univ-lr.fr', 3, 'm2', '2019-12-10 09:35:03'),
(274, 'Chapuis', 'Timeo', 'timeo.chapuis@etudiant.univ-lr.fr', 3, 'm2', '2019-12-10 09:35:03'),
(275, 'Samson', 'Balthazar', 'balthazar.samson@etudiant.univ-lr.fr', 3, 'm2', '2019-12-10 09:35:03'),
(276, 'Duclos', 'Ibrahima', 'ibrahima.duclos@etudiant.univ-lr.fr', 3, 'm2', '2019-12-10 09:35:03'),
(277, 'Dijoux', 'Jacques', 'jacques.dijoux@etudiant.univ-lr.fr', 3, 'm2', '2019-12-10 09:35:03'),
(278, 'Chambon', 'Rafaël', 'rafaël.chambon@etudiant.univ-lr.fr', 3, 'm2', '2019-12-10 09:35:03'),
(279, 'Stephan', 'James', 'james.stephan@etudiant.univ-lr.fr', 3, 'm2', '2019-12-10 09:35:03'),
(280, 'Sabatier', 'Walid', 'walid.sabatier@etudiant.univ-lr.fr', 3, 'm2', '2019-12-10 09:35:03'),
(281, 'Poncet', 'Mohammed', 'mohammed.poncet@etudiant.univ-lr.fr', 3, 'm2', '2019-12-10 09:35:03'),
(282, 'Besse', 'Karim', 'karim.besse@etudiant.univ-lr.fr', 3, 'm2', '2019-12-10 09:35:03'),
(283, 'Weiss', 'Aurèle', 'aurèle.weiss@etudiant.univ-lr.fr', 3, 'm2', '2019-12-10 09:35:03'),
(284, 'Doucet', 'Abdoulaye', 'abdoulaye.doucet@etudiant.univ-lr.fr', 3, 'm2', '2019-12-10 09:35:03'),
(285, 'Bonhomme', 'Julian', 'julian.bonhomme@etudiant.univ-lr.fr', 3, 'm2', '2019-12-10 09:35:03'),
(286, 'Clavreuil', 'Anas', 'anas.clavreuil@etudiant.univ-lr.fr', 3, 'm2', '2019-12-10 09:35:03'),
(287, 'Sirouet', 'Adama', 'adama.sirouet@etudiant.univ-lr.fr', 3, 'm2', '2019-12-10 09:35:03'),
(288, 'Pattedoie', 'Yohan', 'yohan.pattedoie@etudiant.univ-lr.fr', 3, 'm2', '2019-12-10 09:35:03'),
(289, 'Richevaux', 'Gaël', 'gaël.richevaux@etudiant.univ-lr.fr', 3, 'm2', '2019-12-10 09:35:03'),
(290, 'Palenzuela', 'Ousmane', 'ousmane.palenzuela@etudiant.univ-lr.fr', 3, 'm2', '2019-12-10 09:35:03'),
(291, 'Caponi', 'Georges', 'georges.caponi@etudiant.univ-lr.fr', 3, 'm2', '2019-12-10 09:35:03'),
(292, 'Bredemestre', 'Raphael', 'raphael.bredemestre@etudiant.univ-lr.fr', 3, 'm2', '2019-12-10 09:35:03'),
(293, 'Hadengue', 'Sam', 'sam.hadengue@etudiant.univ-lr.fr', 3, 'm2', '2019-12-10 09:35:03'),
(294, 'Kasbarian', 'Owen', 'owen.kasbarian@etudiant.univ-lr.fr', 3, 'm2', '2019-12-10 09:35:03'),
(295, 'Aurran', 'Ambroise', 'ambroise.aurran@etudiant.univ-lr.fr', 3, 'm2', '2019-12-10 09:35:03'),
(296, 'Dompeyre', 'Elyes', 'elyes.dompeyre@etudiant.univ-lr.fr', 3, 'm2', '2019-12-10 09:35:03'),
(297, 'Derick', 'Aymeric', 'aymeric.derick@etudiant.univ-lr.fr', 3, 'm2', '2019-12-10 09:35:03'),
(298, 'Hugotte', 'Adel', 'adel.hugotte@etudiant.univ-lr.fr', 3, 'm2', '2019-12-10 09:35:03'),
(299, 'Trenchant', 'Dan', 'dan.trenchant@etudiant.univ-lr.fr', 3, 'm2', '2019-12-10 09:35:03'),
(300, 'Alpou', 'Jeremie', 'jeremie.alpou@etudiant.univ-lr.fr', 3, 'm2', '2019-12-10 09:35:03'),
(301, 'Grabit', 'Cyprien', 'cyprien.grabit@etudiant.univ-lr.fr', 3, 'm2', '2019-12-10 09:35:03'),
(302, 'Moufle', 'Lino', 'lino.moufle@etudiant.univ-lr.fr', 3, 'm2', '2019-12-10 09:35:03'),
(303, 'Conanec', 'Aymen', 'aymen.conanec@etudiant.univ-lr.fr', 3, 'm2', '2019-12-10 09:35:03'),
(304, 'Lambel', 'Ariel', 'ariel.lambel@etudiant.univ-lr.fr', 3, 'm2', '2019-12-10 09:35:03'),
(305, 'Mouflet', 'Christian', 'christian.mouflet@etudiant.univ-lr.fr', 3, 'm2', '2019-12-10 09:35:03'),
(306, 'Raissiguier', 'Ivan', 'ivan.raissiguier@etudiant.univ-lr.fr', 3, 'm2', '2019-12-10 09:35:03'),
(307, 'Danckaert', 'Jean-Baptiste', 'jean-baptiste.danckaert@etudiant.univ-lr.fr', 3, 'm2', '2019-12-10 09:35:03');

-- --------------------------------------------------------

--
-- Table structure for table `formation`
--

CREATE TABLE `formation` (
  `id` int(11) NOT NULL,
  `niveau` varchar(20) NOT NULL,
  `nom` varchar(50) NOT NULL,
  `directeur` int(11) NOT NULL,
  `created_at` timestamp NOT NULL DEFAULT CURRENT_TIMESTAMP
) ENGINE=InnoDB DEFAULT CHARSET=latin1;

--
-- Dumping data for table `formation`
--

INSERT INTO `formation` (`id`, `niveau`, `nom`, `directeur`, `created_at`) VALUES
(1, 'Licence1-2', 'Informatique', 2, '2019-11-28 08:15:53'),
(2, 'Licence3', 'Informatique', 2, '2019-11-28 08:15:53'),
(3, 'Master', 'ICONE', 1, '2019-11-28 08:15:53');

-- --------------------------------------------------------

--
-- Table structure for table `professeur`
--

CREATE TABLE `professeur` (
  `id` int(11) NOT NULL,
  `nom` varchar(55) DEFAULT NULL,
  `prenom` varchar(55) DEFAULT NULL,
  `created_at` timestamp NOT NULL DEFAULT CURRENT_TIMESTAMP
) ENGINE=InnoDB DEFAULT CHARSET=latin1;

--
-- Dumping data for table `professeur`
--

INSERT INTO `professeur` (`id`, `nom`, `prenom`, `created_at`) VALUES
(1, 'Bertet', 'Karell', '2019-12-09 18:06:34'),
(2, 'Bertrand', 'Frederic', '2019-12-09 18:06:34'),
(3, 'Bouju', 'Alain', '2019-12-09 18:06:34'),
(4, 'Bourmaud', 'Anthony', '2019-12-09 18:06:34'),
(5, 'Bouwmans', 'Thierry', '2019-12-09 18:06:34'),
(6, 'Courboulay', 'Vincent', '2019-12-09 18:06:34'),
(7, 'Coustaty', 'Mickael', '2019-12-09 18:06:34'),
(8, 'Demko', 'Christophe', '2019-12-09 18:06:34'),
(9, 'Franco', 'Patrick', '2019-12-09 18:06:34'),
(10, 'Frelicot', 'Carl', '2019-12-09 18:06:34'),
(11, 'Guillaume', 'Jean-loup', '2019-12-09 18:06:34'),
(12, 'Mascarilla', 'Laurent', '2019-12-09 18:06:34'),
(13, 'Menard', 'Michel', '2019-12-09 18:06:34'),
(14, 'Morcos', 'Jacques', '2019-12-09 18:06:34'),
(15, 'Mullot', 'Remy', '2019-12-09 18:06:34'),
(16, 'Prigent', 'Armelle', '2019-12-09 18:06:34'),
(17, 'Saint-Jean', 'Christophe', '2019-12-09 18:06:34'),
(18, 'Sempe', 'Christophe', '2019-12-09 18:06:34'),
(19, 'Trugeon', 'Nicolas', '2019-12-09 18:06:34'),
(20, 'Visani', 'Muriel', '2019-12-09 18:06:34'),
(21, 'El-hadi', 'Zahzah', '2019-12-09 18:06:34'),
(22, 'Viaud', 'Jean-François', '2019-12-09 18:06:34'),
(23, 'Revel', 'Arnaud', '2019-12-09 18:06:34'),
(24, 'Rodriguez', 'Pierre', '2019-12-09 18:06:34'),
(25, 'Peteri', 'Renaud', '2019-12-09 18:06:34');

-- --------------------------------------------------------

--
-- Table structure for table `professeur_apprentissage`
--

CREATE TABLE `professeur_apprentissage` (
  `professeur` int(11) NOT NULL,
  `apprentissage` int(11) NOT NULL,
  `created_at` timestamp NOT NULL DEFAULT CURRENT_TIMESTAMP
) ENGINE=InnoDB DEFAULT CHARSET=latin1;

--
-- Dumping data for table `professeur_apprentissage`
--

INSERT INTO `professeur_apprentissage` (`professeur`, `apprentissage`, `created_at`) VALUES
(8, 1, '2019-12-09 19:39:08'),
(21, 1, '2019-12-09 19:39:08'),
(2, 2, '2019-12-09 19:39:08'),
(18, 2, '2019-12-09 19:39:08'),
(24, 2, '2019-12-09 19:39:08'),
(17, 3, '2019-12-09 19:39:08'),
(19, 3, '2019-12-09 19:39:08'),
(23, 4, '2019-12-09 19:39:08'),
(16, 4, '2019-12-09 19:39:08'),
(2, 5, '2019-12-09 19:39:08'),
(18, 5, '2019-12-09 19:39:08'),
(24, 5, '2019-12-09 19:39:08'),
(23, 6, '2019-12-09 19:39:08'),
(16, 6, '2019-12-09 19:39:08'),
(3, 7, '2019-12-09 19:39:08'),
(12, 7, '2019-12-09 19:39:08'),
(2, 8, '2019-12-09 19:39:08'),
(8, 8, '2019-12-09 19:39:08'),
(24, 8, '2019-12-09 19:39:08'),
(1, 9, '2019-12-09 19:39:08'),
(11, 9, '2019-12-09 19:39:08'),
(3, 10, '2019-12-09 19:39:08'),
(5, 10, '2019-12-09 19:39:08'),
(10, 10, '2019-12-09 19:39:08'),
(16, 11, '2019-12-09 19:39:08'),
(7, 11, '2019-12-09 19:39:08'),
(12, 12, '2019-12-09 19:39:08'),
(13, 12, '2019-12-09 19:39:09'),
(15, 12, '2019-12-09 19:39:09'),
(17, 12, '2019-12-09 19:39:09'),
(15, 13, '2019-12-09 19:39:09'),
(10, 13, '2019-12-09 19:39:09'),
(19, 17, '2019-12-09 19:39:09'),
(13, 17, '2019-12-09 19:39:09'),
(3, 17, '2019-12-09 19:39:09'),
(19, 18, '2019-12-09 19:39:09'),
(13, 18, '2019-12-09 19:39:09'),
(3, 18, '2019-12-09 19:39:09'),
(19, 19, '2019-12-09 19:39:09'),
(13, 19, '2019-12-09 19:39:09'),
(3, 19, '2019-12-09 19:39:09'),
(19, 20, '2019-12-09 19:39:09'),
(13, 20, '2019-12-09 19:39:09'),
(3, 20, '2019-12-09 19:39:09'),
(19, 21, '2019-12-09 19:39:09'),
(13, 21, '2019-12-09 19:39:09'),
(3, 21, '2019-12-09 19:39:09'),
(19, 22, '2019-12-09 19:39:09'),
(13, 22, '2019-12-09 19:39:09'),
(3, 22, '2019-12-09 19:39:09'),
(2, 23, '2019-12-09 19:39:09'),
(8, 23, '2019-12-09 19:39:09'),
(18, 23, '2019-12-09 19:39:09'),
(23, 23, '2019-12-09 19:39:09'),
(19, 23, '2019-12-09 19:39:09'),
(16, 23, '2019-12-09 19:39:09'),
(24, 23, '2019-12-09 19:39:09'),
(23, 24, '2019-12-09 19:39:09'),
(16, 24, '2019-12-09 19:39:09'),
(8, 24, '2019-12-09 19:39:09'),
(6, 25, '2019-12-09 19:39:09'),
(16, 25, '2019-12-09 19:39:09'),
(16, 26, '2019-12-09 19:39:09'),
(23, 26, '2019-12-09 19:39:09'),
(16, 27, '2019-12-09 19:39:09'),
(23, 27, '2019-12-09 19:39:09'),
(16, 28, '2019-12-09 19:39:09'),
(23, 28, '2019-12-09 19:39:09'),
(6, 28, '2019-12-09 19:39:09'),
(16, 29, '2019-12-09 19:39:09'),
(16, 30, '2019-12-09 19:39:09'),
(3, 31, '2019-12-09 19:39:09'),
(5, 31, '2019-12-09 19:39:09'),
(6, 32, '2019-12-09 19:39:09'),
(14, 33, '2019-12-09 19:39:09'),
(21, 33, '2019-12-09 19:39:09'),
(13, 34, '2019-12-09 19:39:09'),
(17, 34, '2019-12-09 19:39:09'),
(25, 34, '2019-12-09 19:39:09'),
(6, 35, '2019-12-09 19:39:09'),
(16, 35, '2019-12-09 19:39:09'),
(23, 36, '2019-12-09 19:39:09'),
(23, 37, '2019-12-09 19:39:09'),
(16, 38, '2019-12-09 19:39:09'),
(16, 39, '2019-12-09 19:39:09'),
(16, 40, '2019-12-09 19:39:09'),
(2, 41, '2019-12-09 19:39:09'),
(3, 41, '2019-12-09 19:39:09'),
(4, 41, '2019-12-09 19:39:09'),
(7, 41, '2019-12-09 19:39:09'),
(8, 41, '2019-12-09 19:39:09'),
(11, 41, '2019-12-09 19:39:09'),
(18, 41, '2019-12-09 19:39:09'),
(19, 41, '2019-12-09 19:39:09'),
(24, 41, '2019-12-09 19:39:09'),
(25, 41, '2019-12-09 19:39:09'),
(3, 42, '2019-12-09 19:39:09'),
(14, 42, '2019-12-09 19:39:09'),
(14, 43, '2019-12-09 19:39:09'),
(3, 43, '2019-12-09 19:39:09'),
(15, 44, '2019-12-09 19:39:09'),
(18, 45, '2019-12-09 19:39:09'),
(21, 46, '2019-12-09 19:39:09'),
(21, 47, '2019-12-09 19:39:09'),
(6, 48, '2019-12-09 19:39:09'),
(22, 49, '2019-12-09 19:39:09'),
(10, 49, '2019-12-09 19:39:09'),
(6, 50, '2019-12-09 19:39:09'),
(11, 51, '2019-12-09 19:39:09'),
(6, 52, '2019-12-09 19:39:09'),
(16, 53, '2019-12-09 19:39:09'),
(6, 54, '2019-12-09 19:39:09'),
(14, 55, '2019-12-09 19:39:09'),
(20, 55, '2019-12-09 19:39:09');

-- --------------------------------------------------------

--
-- Table structure for table `resultat`
--

CREATE TABLE `resultat` (
  `etudiant` int(11) NOT NULL,
  `apprentissage` int(11) NOT NULL,
  `notation` varchar(30) NOT NULL,
  `created_at` timestamp NOT NULL DEFAULT CURRENT_TIMESTAMP
) ENGINE=InnoDB DEFAULT CHARSET=latin1;

--
-- Dumping data for table `resultat`
--

INSERT INTO `resultat` (`etudiant`, `apprentissage`, `notation`, `created_at`) VALUES
(1, 5, 'A', '2019-12-10 16:10:39'),
(1, 6, 'A', '2019-12-10 16:10:39'),
(1, 7, 'A', '2019-12-10 16:10:39'),
(1, 11, 'A', '2019-12-10 16:10:39'),
(1, 12, 'NA', '2019-12-10 16:10:39'),
(1, 13, 'NA', '2019-12-10 16:10:39'),
(1, 21, 'EA', '2019-12-10 16:37:51'),
(1, 22, 'A', '2019-12-10 16:37:51'),
(1, 27, 'A', '2019-12-10 16:37:51'),
(1, 28, 'NA', '2019-12-10 16:37:51'),
(1, 29, 'A', '2019-12-10 16:37:51'),
(1, 30, 'A', '2019-12-10 16:37:51'),
(1, 34, 'A', '2019-12-10 16:37:51'),
(1, 35, 'NA', '2019-12-10 16:37:51'),
(1, 40, 'A', '2019-12-10 16:37:51'),
(1, 44, 'A', '2019-12-10 16:37:51'),
(1, 45, 'A', '2019-12-10 16:37:51'),
(1, 46, 'A', '2019-12-10 16:37:51'),
(1, 47, 'A', '2019-12-10 16:37:51'),
(1, 52, 'A', '2019-12-10 16:37:51'),
(1, 53, 'A', '2019-12-10 16:37:51'),
(1, 54, 'A', '2019-12-10 16:37:51'),
(1, 55, 'NA', '2019-12-10 16:37:51'),
(2, 5, 'A', '2019-12-10 16:37:51'),
(2, 6, 'EA', '2019-12-10 16:37:51'),
(2, 7, 'A', '2019-12-10 16:37:51'),
(2, 11, 'A', '2019-12-10 16:37:51'),
(2, 12, 'NA', '2019-12-10 16:37:51'),
(2, 13, 'A', '2019-12-10 16:37:51'),
(2, 21, 'A', '2019-12-10 16:37:51'),
(2, 22, 'A', '2019-12-10 16:37:51'),
(2, 27, 'A', '2019-12-10 16:37:51'),
(2, 28, 'A', '2019-12-10 16:37:51'),
(2, 29, 'A', '2019-12-10 16:37:51'),
(2, 30, 'EA', '2019-12-10 16:37:51'),
(2, 34, 'EA', '2019-12-10 16:37:51'),
(2, 35, 'NA', '2019-12-10 16:37:51'),
(2, 40, 'A', '2019-12-10 16:37:51'),
(2, 44, 'A', '2019-12-10 16:37:51'),
(2, 45, 'A', '2019-12-10 16:37:51'),
(2, 46, 'NA', '2019-12-10 16:37:51'),
(2, 47, 'A', '2019-12-10 16:37:51'),
(2, 52, 'A', '2019-12-10 16:37:51'),
(2, 53, 'A', '2019-12-10 16:37:51'),
(2, 54, 'NA', '2019-12-10 16:37:51'),
(2, 55, 'A', '2019-12-10 16:37:51'),
(3, 5, 'A', '2019-12-10 16:37:51'),
(3, 6, 'A', '2019-12-10 16:37:51'),
(3, 7, 'EA', '2019-12-10 16:37:51'),
(3, 11, 'A', '2019-12-10 16:37:51'),
(3, 12, 'A', '2019-12-10 16:37:51'),
(3, 13, 'A', '2019-12-10 16:37:51'),
(3, 21, 'A', '2019-12-10 16:37:51'),
(3, 22, 'A', '2019-12-10 16:37:51'),
(3, 27, 'A', '2019-12-10 16:37:51'),
(3, 28, 'A', '2019-12-10 16:37:51'),
(3, 29, 'A', '2019-12-10 16:37:51'),
(3, 30, 'NA', '2019-12-10 16:37:51'),
(3, 34, 'NA', '2019-12-10 16:37:51'),
(3, 35, 'A', '2019-12-10 16:37:51'),
(3, 40, 'A', '2019-12-10 16:37:51'),
(3, 44, 'EA', '2019-12-10 16:37:51'),
(3, 45, 'A', '2019-12-10 16:37:51'),
(3, 46, 'A', '2019-12-10 16:37:51'),
(3, 47, 'EA', '2019-12-10 16:37:51'),
(3, 52, 'NA', '2019-12-10 16:37:51'),
(3, 53, 'A', '2019-12-10 16:37:51'),
(3, 54, 'EA', '2019-12-10 16:37:51'),
(3, 55, 'A', '2019-12-10 16:37:51'),
(4, 5, 'A', '2019-12-10 16:37:51'),
(4, 6, 'A', '2019-12-10 16:37:51'),
(4, 7, 'A', '2019-12-10 16:37:51'),
(4, 11, 'A', '2019-12-10 16:37:51'),
(4, 12, 'NA', '2019-12-10 16:37:51'),
(4, 13, 'A', '2019-12-10 16:37:51'),
(4, 21, 'NA', '2019-12-10 16:37:51'),
(4, 22, 'A', '2019-12-10 16:37:51'),
(4, 27, 'A', '2019-12-10 16:37:51'),
(4, 28, 'NA', '2019-12-10 16:37:51'),
(4, 29, 'EA', '2019-12-10 16:37:51'),
(4, 30, 'A', '2019-12-10 16:37:51'),
(4, 34, 'NA', '2019-12-10 16:37:51'),
(4, 35, 'A', '2019-12-10 16:37:51'),
(4, 40, 'A', '2019-12-10 16:37:51'),
(4, 44, 'A', '2019-12-10 16:37:51'),
(4, 45, 'NA', '2019-12-10 16:37:51'),
(4, 46, 'NA', '2019-12-10 16:37:51'),
(4, 47, 'NA', '2019-12-10 16:37:51'),
(4, 52, 'A', '2019-12-10 16:37:51'),
(4, 53, 'A', '2019-12-10 16:37:51'),
(4, 54, 'NA', '2019-12-10 16:37:51'),
(4, 55, 'NA', '2019-12-10 16:37:51'),
(5, 5, 'A', '2019-12-10 16:37:51'),
(5, 6, 'A', '2019-12-10 16:37:51'),
(5, 7, 'A', '2019-12-10 16:37:51'),
(5, 11, 'A', '2019-12-10 16:37:51'),
(5, 12, 'A', '2019-12-10 16:37:52'),
(5, 13, 'A', '2019-12-10 16:37:52'),
(5, 21, 'A', '2019-12-10 16:37:52'),
(5, 22, 'NA', '2019-12-10 16:37:52'),
(5, 27, 'NA', '2019-12-10 16:37:52'),
(5, 28, 'NA', '2019-12-10 16:37:52'),
(5, 29, 'A', '2019-12-10 16:37:52'),
(5, 30, 'A', '2019-12-10 16:37:52'),
(5, 34, 'NA', '2019-12-10 16:37:52'),
(5, 35, 'NA', '2019-12-10 16:37:52'),
(5, 40, 'A', '2019-12-10 16:37:52'),
(5, 44, 'A', '2019-12-10 16:37:52'),
(5, 45, 'A', '2019-12-10 16:37:52'),
(5, 46, 'A', '2019-12-10 16:37:52'),
(5, 47, 'A', '2019-12-10 16:37:52'),
(5, 52, 'A', '2019-12-10 16:37:52'),
(5, 53, 'A', '2019-12-10 16:37:52'),
(5, 54, 'NA', '2019-12-10 16:37:52'),
(5, 55, 'A', '2019-12-10 16:37:52'),
(6, 5, 'A', '2019-12-10 16:37:52'),
(6, 6, 'NA', '2019-12-10 16:37:52'),
(6, 7, 'NA', '2019-12-10 16:37:52'),
(6, 11, 'A', '2019-12-10 16:37:52'),
(6, 12, 'A', '2019-12-10 16:37:52'),
(6, 13, 'A', '2019-12-10 16:37:52'),
(6, 21, 'A', '2019-12-10 16:37:52'),
(6, 22, 'A', '2019-12-10 16:37:52'),
(6, 27, 'NA', '2019-12-10 16:37:52'),
(6, 28, 'A', '2019-12-10 16:37:52'),
(6, 29, 'A', '2019-12-10 16:37:52'),
(6, 30, 'A', '2019-12-10 16:37:52'),
(6, 34, 'A', '2019-12-10 16:37:52'),
(6, 35, 'EA', '2019-12-10 16:37:52'),
(6, 40, 'A', '2019-12-10 16:37:52'),
(6, 44, 'A', '2019-12-10 16:37:52'),
(6, 45, 'A', '2019-12-10 16:37:52'),
(6, 46, 'A', '2019-12-10 16:37:52'),
(6, 47, 'A', '2019-12-10 16:37:52'),
(6, 52, 'A', '2019-12-10 16:37:52'),
(6, 53, 'A', '2019-12-10 16:37:52'),
(6, 54, 'NA', '2019-12-10 16:37:52'),
(6, 55, 'A', '2019-12-10 16:37:52'),
(7, 5, 'NA', '2019-12-10 16:37:52'),
(7, 6, 'EA', '2019-12-10 16:37:52'),
(7, 7, 'EA', '2019-12-10 16:37:52'),
(7, 11, 'NA', '2019-12-10 16:37:52'),
(7, 12, 'A', '2019-12-10 16:37:52'),
(7, 13, 'A', '2019-12-10 16:37:52'),
(7, 21, 'NA', '2019-12-10 16:37:52'),
(7, 22, 'NA', '2019-12-10 16:37:52'),
(7, 27, 'A', '2019-12-10 16:37:52'),
(7, 28, 'EA', '2019-12-10 16:37:52'),
(7, 29, 'A', '2019-12-10 16:37:52'),
(7, 30, 'A', '2019-12-10 16:37:52'),
(7, 34, 'A', '2019-12-10 16:37:52'),
(7, 35, 'NA', '2019-12-10 16:37:52'),
(7, 40, 'A', '2019-12-10 16:37:52'),
(7, 44, 'A', '2019-12-10 16:37:52'),
(7, 45, 'A', '2019-12-10 16:37:52'),
(7, 46, 'A', '2019-12-10 16:37:52'),
(7, 47, 'A', '2019-12-10 16:37:52'),
(7, 52, 'A', '2019-12-10 16:37:52'),
(7, 53, 'A', '2019-12-10 16:37:52'),
(7, 54, 'A', '2019-12-10 16:37:52'),
(7, 55, 'A', '2019-12-10 16:37:52'),
(8, 1, 'NA', '2019-12-10 16:37:52'),
(8, 8, 'EA', '2019-12-10 16:37:52'),
(8, 17, 'EA', '2019-12-10 16:37:52'),
(8, 23, 'A', '2019-12-10 16:37:52'),
(8, 24, 'A', '2019-12-10 16:37:52'),
(8, 31, 'NA', '2019-12-10 16:37:52'),
(8, 36, 'EA', '2019-12-10 16:37:52'),
(8, 37, 'A', '2019-12-10 16:37:52'),
(8, 38, 'A', '2019-12-10 16:37:52'),
(8, 41, 'A', '2019-12-10 16:37:52'),
(8, 42, 'A', '2019-12-10 16:37:52'),
(8, 48, 'A', '2019-12-10 16:37:52'),
(8, 49, 'A', '2019-12-10 16:37:52'),
(9, 1, 'A', '2019-12-10 16:37:52'),
(9, 8, 'NA', '2019-12-10 16:37:52'),
(9, 17, 'A', '2019-12-10 16:37:52'),
(9, 23, 'A', '2019-12-10 16:37:52'),
(9, 24, 'A', '2019-12-10 16:37:52'),
(9, 31, 'A', '2019-12-10 16:37:52'),
(9, 36, 'A', '2019-12-10 16:37:52'),
(9, 37, 'A', '2019-12-10 16:37:52'),
(9, 38, 'A', '2019-12-10 16:37:52'),
(9, 41, 'A', '2019-12-10 16:37:52'),
(9, 42, 'A', '2019-12-10 16:37:52'),
(9, 48, 'A', '2019-12-10 16:37:52'),
(9, 49, 'A', '2019-12-10 16:37:52'),
(10, 1, 'A', '2019-12-10 16:37:52'),
(10, 8, 'A', '2019-12-10 16:37:53'),
(10, 17, 'A', '2019-12-10 16:37:53'),
(10, 23, 'EA', '2019-12-10 16:37:53'),
(10, 24, 'NA', '2019-12-10 16:37:53'),
(10, 31, 'A', '2019-12-10 16:37:53'),
(10, 36, 'A', '2019-12-10 16:37:53'),
(10, 37, 'A', '2019-12-10 16:37:53'),
(10, 38, 'A', '2019-12-10 16:37:53'),
(10, 41, 'A', '2019-12-10 16:37:53'),
(10, 42, 'NA', '2019-12-10 16:37:53'),
(10, 48, 'A', '2019-12-10 16:37:53'),
(10, 49, 'A', '2019-12-10 16:37:53'),
(11, 1, 'NA', '2019-12-10 16:37:53'),
(11, 8, 'A', '2019-12-10 16:37:53'),
(11, 17, 'A', '2019-12-10 16:37:53'),
(11, 23, 'A', '2019-12-10 16:37:53'),
(11, 24, 'A', '2019-12-10 16:37:53'),
(11, 31, 'A', '2019-12-10 16:37:53'),
(11, 36, 'NA', '2019-12-10 16:37:53'),
(11, 37, 'A', '2019-12-10 16:37:53'),
(11, 38, 'A', '2019-12-10 16:37:53'),
(11, 41, 'NA', '2019-12-10 16:37:53'),
(11, 42, 'EA', '2019-12-10 16:37:53'),
(11, 48, 'A', '2019-12-10 16:37:53'),
(11, 49, 'A', '2019-12-10 16:37:53'),
(12, 1, 'EA', '2019-12-10 16:37:53'),
(12, 8, 'A', '2019-12-10 16:37:53'),
(12, 17, 'A', '2019-12-10 16:37:53'),
(12, 23, 'A', '2019-12-10 16:37:53'),
(12, 24, 'NA', '2019-12-10 16:37:53'),
(12, 31, 'EA', '2019-12-10 16:37:53'),
(12, 36, 'EA', '2019-12-10 16:37:53'),
(12, 37, 'A', '2019-12-10 16:37:53'),
(12, 38, 'A', '2019-12-10 16:37:53'),
(12, 41, 'A', '2019-12-10 16:37:53'),
(12, 42, 'A', '2019-12-10 16:37:53'),
(12, 48, 'A', '2019-12-10 16:37:53'),
(12, 49, 'A', '2019-12-10 16:37:53'),
(13, 1, 'A', '2019-12-10 16:37:53'),
(13, 8, 'A', '2019-12-10 16:37:53'),
(13, 17, 'A', '2019-12-10 16:37:53'),
(13, 23, 'A', '2019-12-10 16:37:53'),
(13, 24, 'A', '2019-12-10 16:37:53'),
(13, 31, 'A', '2019-12-10 16:37:53'),
(13, 36, 'NA', '2019-12-10 16:37:53'),
(13, 37, 'A', '2019-12-10 16:37:53'),
(13, 38, 'NA', '2019-12-10 16:37:53'),
(13, 41, 'A', '2019-12-10 16:37:53'),
(13, 42, 'NA', '2019-12-10 16:37:53'),
(13, 48, 'A', '2019-12-10 16:37:53'),
(13, 49, 'A', '2019-12-10 16:37:53'),
(14, 1, 'A', '2019-12-10 16:37:53'),
(14, 8, 'A', '2019-12-10 16:37:53'),
(14, 17, 'EA', '2019-12-10 16:37:54'),
(14, 23, 'A', '2019-12-10 16:37:54'),
(14, 24, 'A', '2019-12-10 16:37:54'),
(14, 31, 'A', '2019-12-10 16:37:54'),
(14, 36, 'NA', '2019-12-10 16:37:54'),
(14, 37, 'A', '2019-12-10 16:37:54'),
(14, 38, 'EA', '2019-12-10 16:37:54'),
(14, 41, 'A', '2019-12-10 16:37:54'),
(14, 42, 'A', '2019-12-10 16:37:54'),
(14, 48, 'A', '2019-12-10 16:37:54'),
(14, 49, 'A', '2019-12-10 16:37:54'),
(15, 1, 'A', '2019-12-10 16:37:54'),
(15, 8, 'A', '2019-12-10 16:37:54'),
(15, 17, 'A', '2019-12-10 16:37:54'),
(15, 23, 'NA', '2019-12-10 16:37:54'),
(15, 24, 'A', '2019-12-10 16:37:54'),
(15, 31, 'A', '2019-12-10 16:37:54'),
(15, 36, 'NA', '2019-12-10 16:37:54'),
(15, 37, 'A', '2019-12-10 16:37:54'),
(15, 38, 'A', '2019-12-10 16:37:54'),
(15, 41, 'A', '2019-12-10 16:37:54'),
(15, 42, 'A', '2019-12-10 16:37:54'),
(15, 48, 'A', '2019-12-10 16:37:54'),
(15, 49, 'A', '2019-12-10 16:37:54'),
(16, 1, 'A', '2019-12-10 16:37:54'),
(16, 8, 'A', '2019-12-10 16:37:54'),
(16, 17, 'A', '2019-12-10 16:37:54'),
(16, 23, 'A', '2019-12-10 16:37:54'),
(16, 24, 'EA', '2019-12-10 16:37:54'),
(16, 31, 'A', '2019-12-10 16:37:54'),
(16, 36, 'NA', '2019-12-10 16:37:54'),
(16, 37, 'A', '2019-12-10 16:37:54'),
(16, 38, 'A', '2019-12-10 16:37:54'),
(16, 41, 'A', '2019-12-10 16:37:54'),
(16, 42, 'A', '2019-12-10 16:37:54'),
(16, 48, 'A', '2019-12-10 16:37:54'),
(16, 49, 'A', '2019-12-10 16:37:54'),
(17, 1, 'A', '2019-12-10 16:37:54'),
(17, 8, 'A', '2019-12-10 16:37:54'),
(17, 17, 'A', '2019-12-10 16:37:54'),
(17, 23, 'A', '2019-12-10 16:37:54'),
(17, 24, 'A', '2019-12-10 16:37:54'),
(17, 31, 'A', '2019-12-10 16:37:54'),
(17, 36, 'A', '2019-12-10 16:37:54'),
(17, 37, 'NA', '2019-12-10 16:37:54'),
(17, 38, 'A', '2019-12-10 16:37:54'),
(17, 41, 'A', '2019-12-10 16:37:54'),
(17, 42, 'A', '2019-12-10 16:37:54'),
(17, 48, 'A', '2019-12-10 16:37:54'),
(17, 49, 'A', '2019-12-10 16:37:54'),
(18, 1, 'A', '2019-12-10 16:37:54'),
(18, 8, 'A', '2019-12-10 16:37:54'),
(18, 17, 'A', '2019-12-10 16:37:54'),
(18, 23, 'A', '2019-12-10 16:37:54'),
(18, 24, 'A', '2019-12-10 16:37:54'),
(18, 31, 'A', '2019-12-10 16:37:54'),
(18, 36, 'NA', '2019-12-10 16:37:54'),
(18, 37, 'A', '2019-12-10 16:37:54'),
(18, 38, 'NA', '2019-12-10 16:37:54'),
(18, 41, 'A', '2019-12-10 16:37:54'),
(18, 42, 'NA', '2019-12-10 16:37:54'),
(18, 48, 'A', '2019-12-10 16:37:54'),
(18, 49, 'A', '2019-12-10 16:37:54'),
(19, 1, 'A', '2019-12-10 16:37:54'),
(19, 8, 'A', '2019-12-10 16:37:54'),
(19, 17, 'NA', '2019-12-10 16:37:54'),
(19, 23, 'EA', '2019-12-10 16:37:54'),
(19, 24, 'A', '2019-12-10 16:37:54'),
(19, 31, 'A', '2019-12-10 16:37:54'),
(19, 36, 'NA', '2019-12-10 16:37:54'),
(19, 37, 'A', '2019-12-10 16:37:54'),
(19, 38, 'A', '2019-12-10 16:37:54'),
(19, 41, 'A', '2019-12-10 16:37:54'),
(19, 42, 'A', '2019-12-10 16:37:54'),
(19, 48, 'NA', '2019-12-10 16:37:54'),
(19, 49, 'EA', '2019-12-10 16:37:54'),
(20, 1, 'NA', '2019-12-10 16:37:55'),
(20, 8, 'A', '2019-12-10 16:37:55'),
(20, 17, 'A', '2019-12-10 16:37:55'),
(20, 23, 'NA', '2019-12-10 16:37:55'),
(20, 24, 'A', '2019-12-10 16:37:55'),
(20, 31, 'A', '2019-12-10 16:37:55'),
(20, 36, 'EA', '2019-12-10 16:37:55'),
(20, 37, 'A', '2019-12-10 16:37:55'),
(20, 38, 'NA', '2019-12-10 16:37:55'),
(20, 41, 'NA', '2019-12-10 16:37:55'),
(20, 42, 'A', '2019-12-10 16:37:55'),
(20, 48, 'A', '2019-12-10 16:37:55'),
(20, 49, 'NA', '2019-12-10 16:37:55'),
(21, 1, 'EA', '2019-12-10 16:37:55'),
(21, 8, 'A', '2019-12-10 16:37:55'),
(21, 17, 'A', '2019-12-10 16:37:55'),
(21, 23, 'A', '2019-12-10 16:37:55'),
(21, 24, 'A', '2019-12-10 16:37:55'),
(21, 31, 'A', '2019-12-10 16:37:55'),
(21, 36, 'A', '2019-12-10 16:37:55'),
(21, 37, 'NA', '2019-12-10 16:37:55'),
(21, 38, 'NA', '2019-12-10 16:37:55'),
(21, 41, 'EA', '2019-12-10 16:37:55'),
(21, 42, 'A', '2019-12-10 16:37:55'),
(21, 48, 'EA', '2019-12-10 16:37:55'),
(21, 49, 'A', '2019-12-10 16:37:55'),
(22, 1, 'A', '2019-12-10 16:37:55'),
(22, 8, 'A', '2019-12-10 16:37:55'),
(22, 17, 'A', '2019-12-10 16:37:55'),
(22, 23, 'NA', '2019-12-10 16:37:55'),
(22, 24, 'A', '2019-12-10 16:37:55'),
(22, 31, 'NA', '2019-12-10 16:37:55'),
(22, 36, 'EA', '2019-12-10 16:37:55'),
(22, 37, 'A', '2019-12-10 16:37:55'),
(22, 38, 'NA', '2019-12-10 16:37:55'),
(22, 41, 'A', '2019-12-10 16:37:55'),
(22, 42, 'A', '2019-12-10 16:37:55'),
(22, 48, 'A', '2019-12-10 16:37:55'),
(22, 49, 'A', '2019-12-10 16:37:55'),
(23, 1, 'A', '2019-12-10 16:37:55'),
(23, 8, 'NA', '2019-12-10 16:37:55'),
(23, 17, 'A', '2019-12-10 16:37:55'),
(23, 23, 'NA', '2019-12-10 16:37:55'),
(23, 24, 'A', '2019-12-10 16:37:55'),
(23, 31, 'A', '2019-12-10 16:37:55'),
(23, 36, 'A', '2019-12-10 16:37:55'),
(23, 37, 'EA', '2019-12-10 16:37:55'),
(23, 38, 'A', '2019-12-10 16:37:55'),
(23, 41, 'A', '2019-12-10 16:37:55'),
(23, 42, 'A', '2019-12-10 16:37:55'),
(23, 48, 'A', '2019-12-10 16:37:55'),
(23, 49, 'A', '2019-12-10 16:37:55'),
(24, 1, 'A', '2019-12-10 16:37:55'),
(24, 8, 'A', '2019-12-10 16:37:55'),
(24, 17, 'A', '2019-12-10 16:37:55'),
(24, 23, 'A', '2019-12-10 16:37:55'),
(24, 24, 'A', '2019-12-10 16:37:55'),
(24, 31, 'NA', '2019-12-10 16:37:55'),
(24, 36, 'A', '2019-12-10 16:37:55'),
(24, 37, 'A', '2019-12-10 16:37:55'),
(24, 38, 'A', '2019-12-10 16:37:55'),
(24, 41, 'EA', '2019-12-10 16:37:55'),
(24, 42, 'A', '2019-12-10 16:37:55'),
(24, 48, 'A', '2019-12-10 16:37:55'),
(24, 49, 'A', '2019-12-10 16:37:55'),
(25, 1, 'A', '2019-12-10 16:37:55'),
(25, 8, 'NA', '2019-12-10 16:37:55'),
(25, 17, 'A', '2019-12-10 16:37:55'),
(25, 23, 'A', '2019-12-10 16:37:55'),
(25, 24, 'EA', '2019-12-10 16:37:55'),
(25, 31, 'A', '2019-12-10 16:37:56'),
(25, 36, 'EA', '2019-12-10 16:37:56'),
(25, 37, 'A', '2019-12-10 16:37:56'),
(25, 38, 'A', '2019-12-10 16:37:56'),
(25, 41, 'A', '2019-12-10 16:37:56'),
(25, 42, 'A', '2019-12-10 16:37:56'),
(25, 48, 'NA', '2019-12-10 16:37:56'),
(25, 49, 'EA', '2019-12-10 16:37:56'),
(26, 1, 'A', '2019-12-10 16:37:56'),
(26, 8, 'A', '2019-12-10 16:37:56'),
(26, 17, 'A', '2019-12-10 16:37:56'),
(26, 23, 'A', '2019-12-10 16:37:56'),
(26, 24, 'A', '2019-12-10 16:37:56'),
(26, 31, 'EA', '2019-12-10 16:37:56'),
(26, 36, 'EA', '2019-12-10 16:37:56'),
(26, 37, 'A', '2019-12-10 16:37:56'),
(26, 38, 'NA', '2019-12-10 16:37:56'),
(26, 41, 'A', '2019-12-10 16:37:56'),
(26, 42, 'A', '2019-12-10 16:37:56'),
(26, 48, 'A', '2019-12-10 16:37:56'),
(26, 49, 'EA', '2019-12-10 16:37:56'),
(27, 1, 'NA', '2019-12-10 16:37:56'),
(27, 8, 'A', '2019-12-10 16:37:56'),
(27, 17, 'A', '2019-12-10 16:37:56'),
(27, 23, 'A', '2019-12-10 16:37:56'),
(27, 24, 'EA', '2019-12-10 16:37:56'),
(27, 31, 'A', '2019-12-10 16:37:56'),
(27, 36, 'NA', '2019-12-10 16:37:56'),
(27, 37, 'A', '2019-12-10 16:37:56'),
(27, 38, 'A', '2019-12-10 16:37:56'),
(27, 41, 'A', '2019-12-10 16:37:56'),
(27, 42, 'EA', '2019-12-10 16:37:56'),
(27, 48, 'A', '2019-12-10 16:37:56'),
(27, 49, 'A', '2019-12-10 16:37:56'),
(28, 1, 'A', '2019-12-10 16:37:56'),
(28, 8, 'A', '2019-12-10 16:37:56'),
(28, 17, 'A', '2019-12-10 16:37:56'),
(28, 23, 'A', '2019-12-10 16:37:56'),
(28, 24, 'A', '2019-12-10 16:37:56'),
(28, 31, 'NA', '2019-12-10 16:37:56'),
(28, 36, 'EA', '2019-12-10 16:37:56'),
(28, 37, 'EA', '2019-12-10 16:37:56'),
(28, 38, 'A', '2019-12-10 16:37:56'),
(28, 41, 'A', '2019-12-10 16:37:56'),
(28, 42, 'EA', '2019-12-10 16:37:56'),
(28, 48, 'A', '2019-12-10 16:37:56'),
(28, 49, 'A', '2019-12-10 16:37:56'),
(29, 1, 'A', '2019-12-10 16:37:56'),
(29, 8, 'A', '2019-12-10 16:37:56'),
(29, 17, 'NA', '2019-12-10 16:37:56'),
(29, 23, 'NA', '2019-12-10 16:37:56'),
(29, 24, 'EA', '2019-12-10 16:37:56'),
(29, 31, 'A', '2019-12-10 16:37:56'),
(29, 36, 'A', '2019-12-10 16:37:56'),
(29, 37, 'A', '2019-12-10 16:37:56'),
(29, 38, 'A', '2019-12-10 16:37:56'),
(29, 41, 'NA', '2019-12-10 16:37:56'),
(29, 42, 'A', '2019-12-10 16:37:56'),
(29, 48, 'A', '2019-12-10 16:37:56'),
(29, 49, 'A', '2019-12-10 16:37:56'),
(30, 1, 'A', '2019-12-10 16:37:56'),
(30, 8, 'NA', '2019-12-10 16:37:56'),
(30, 17, 'A', '2019-12-10 16:37:56'),
(30, 23, 'A', '2019-12-10 16:37:56'),
(30, 24, 'A', '2019-12-10 16:37:56'),
(30, 31, 'NA', '2019-12-10 16:37:56'),
(30, 36, 'A', '2019-12-10 16:37:56'),
(30, 37, 'A', '2019-12-10 16:37:56'),
(30, 38, 'A', '2019-12-10 16:37:56'),
(30, 41, 'A', '2019-12-10 16:37:56'),
(30, 42, 'EA', '2019-12-10 16:37:56'),
(30, 48, 'A', '2019-12-10 16:37:56'),
(30, 49, 'A', '2019-12-10 16:37:56'),
(31, 1, 'A', '2019-12-10 16:37:56'),
(31, 8, 'A', '2019-12-10 16:37:56'),
(31, 17, 'EA', '2019-12-10 16:37:56'),
(31, 23, 'A', '2019-12-10 16:37:56'),
(31, 24, 'A', '2019-12-10 16:37:56'),
(31, 31, 'NA', '2019-12-10 16:37:56'),
(31, 36, 'NA', '2019-12-10 16:37:57'),
(31, 37, 'A', '2019-12-10 16:37:57'),
(31, 38, 'A', '2019-12-10 16:37:57'),
(31, 41, 'NA', '2019-12-10 16:37:57'),
(31, 42, 'A', '2019-12-10 16:37:57'),
(31, 48, 'A', '2019-12-10 16:37:57'),
(31, 49, 'A', '2019-12-10 16:37:57'),
(32, 1, 'EA', '2019-12-10 16:37:57'),
(32, 8, 'NA', '2019-12-10 16:37:57'),
(32, 17, 'EA', '2019-12-10 16:37:57'),
(32, 23, 'A', '2019-12-10 16:37:57'),
(32, 24, 'NA', '2019-12-10 16:37:57'),
(32, 31, 'A', '2019-12-10 16:37:57'),
(32, 36, 'A', '2019-12-10 16:37:57'),
(32, 37, 'EA', '2019-12-10 16:37:57'),
(32, 38, 'A', '2019-12-10 16:37:57'),
(32, 41, 'A', '2019-12-10 16:37:57'),
(32, 42, 'A', '2019-12-10 16:37:57'),
(32, 48, 'EA', '2019-12-10 16:37:57'),
(32, 49, 'NA', '2019-12-10 16:37:57'),
(33, 1, 'A', '2019-12-10 16:37:57'),
(33, 8, 'A', '2019-12-10 16:37:57'),
(33, 17, 'A', '2019-12-10 16:37:57'),
(33, 23, 'A', '2019-12-10 16:37:57'),
(33, 24, 'A', '2019-12-10 16:37:57'),
(33, 31, 'A', '2019-12-10 16:37:57'),
(33, 36, 'A', '2019-12-10 16:37:57'),
(33, 37, 'NA', '2019-12-10 16:37:57'),
(33, 38, 'A', '2019-12-10 16:37:57'),
(33, 41, 'A', '2019-12-10 16:37:57'),
(33, 42, 'EA', '2019-12-10 16:37:57'),
(33, 48, 'A', '2019-12-10 16:37:57'),
(33, 49, 'A', '2019-12-10 16:37:57'),
(34, 1, 'NA', '2019-12-10 16:37:57'),
(34, 8, 'NA', '2019-12-10 16:37:57'),
(34, 17, 'A', '2019-12-10 16:37:57'),
(34, 23, 'A', '2019-12-10 16:37:57'),
(34, 24, 'A', '2019-12-10 16:37:57'),
(34, 31, 'NA', '2019-12-10 16:37:57'),
(34, 36, 'A', '2019-12-10 16:37:57'),
(34, 37, 'A', '2019-12-10 16:37:57'),
(34, 38, 'A', '2019-12-10 16:37:57'),
(34, 41, 'A', '2019-12-10 16:37:57'),
(34, 42, 'A', '2019-12-10 16:37:57'),
(34, 48, 'EA', '2019-12-10 16:37:57'),
(34, 49, 'A', '2019-12-10 16:37:57'),
(35, 1, 'A', '2019-12-10 16:37:57'),
(35, 8, 'A', '2019-12-10 16:37:57'),
(35, 17, 'NA', '2019-12-10 16:37:57'),
(35, 23, 'NA', '2019-12-10 16:37:57'),
(35, 24, 'NA', '2019-12-10 16:37:57'),
(35, 31, 'A', '2019-12-10 16:37:57'),
(35, 36, 'NA', '2019-12-10 16:37:57'),
(35, 37, 'A', '2019-12-10 16:37:57'),
(35, 38, 'A', '2019-12-10 16:37:57'),
(35, 41, 'A', '2019-12-10 16:37:57'),
(35, 42, 'A', '2019-12-10 16:37:57'),
(35, 48, 'A', '2019-12-10 16:37:57'),
(35, 49, 'A', '2019-12-10 16:37:57'),
(36, 1, 'A', '2019-12-10 16:37:57'),
(36, 8, 'A', '2019-12-10 16:37:57'),
(36, 17, 'A', '2019-12-10 16:37:57'),
(36, 23, 'A', '2019-12-10 16:37:57'),
(36, 24, 'EA', '2019-12-10 16:37:57'),
(36, 31, 'NA', '2019-12-10 16:37:57'),
(36, 36, 'A', '2019-12-10 16:37:57'),
(36, 37, 'A', '2019-12-10 16:37:57'),
(36, 38, 'A', '2019-12-10 16:37:57'),
(36, 41, 'A', '2019-12-10 16:37:57'),
(36, 42, 'A', '2019-12-10 16:37:57'),
(36, 48, 'A', '2019-12-10 16:37:57'),
(36, 49, 'A', '2019-12-10 16:37:57'),
(37, 1, 'NA', '2019-12-10 16:37:57'),
(37, 8, 'A', '2019-12-10 16:37:57'),
(37, 17, 'A', '2019-12-10 16:37:57'),
(37, 23, 'A', '2019-12-10 16:37:57'),
(37, 24, 'EA', '2019-12-10 16:37:57'),
(37, 31, 'A', '2019-12-10 16:37:57'),
(37, 36, 'EA', '2019-12-10 16:37:57'),
(37, 37, 'A', '2019-12-10 16:37:57'),
(37, 38, 'A', '2019-12-10 16:37:57'),
(37, 41, 'NA', '2019-12-10 16:37:57'),
(37, 42, 'A', '2019-12-10 16:37:57'),
(37, 48, 'A', '2019-12-10 16:37:57'),
(37, 49, 'A', '2019-12-10 16:37:57'),
(38, 1, 'EA', '2019-12-10 16:37:57'),
(38, 8, 'A', '2019-12-10 16:37:57'),
(38, 17, 'A', '2019-12-10 16:37:57'),
(38, 23, 'A', '2019-12-10 16:37:57'),
(38, 24, 'A', '2019-12-10 16:37:57'),
(38, 31, 'NA', '2019-12-10 16:37:57'),
(38, 36, 'NA', '2019-12-10 16:37:57'),
(38, 37, 'A', '2019-12-10 16:37:57'),
(38, 38, 'A', '2019-12-10 16:37:57'),
(38, 41, 'A', '2019-12-10 16:37:58'),
(38, 42, 'A', '2019-12-10 16:37:58'),
(38, 48, 'A', '2019-12-10 16:37:58'),
(38, 49, 'EA', '2019-12-10 16:37:58'),
(39, 1, 'A', '2019-12-10 16:37:58'),
(39, 8, 'A', '2019-12-10 16:37:58'),
(39, 17, 'A', '2019-12-10 16:37:58'),
(39, 23, 'A', '2019-12-10 16:37:58'),
(39, 24, 'A', '2019-12-10 16:37:58'),
(39, 31, 'EA', '2019-12-10 16:37:58'),
(39, 36, 'A', '2019-12-10 16:37:58'),
(39, 37, 'A', '2019-12-10 16:37:58'),
(39, 38, 'EA', '2019-12-10 16:37:58'),
(39, 41, 'NA', '2019-12-10 16:37:58'),
(39, 42, 'A', '2019-12-10 16:37:58'),
(39, 48, 'A', '2019-12-10 16:37:58'),
(39, 49, 'A', '2019-12-10 16:37:58'),
(40, 1, 'A', '2019-12-10 16:37:58'),
(40, 8, 'EA', '2019-12-10 16:37:58'),
(40, 17, 'A', '2019-12-10 16:37:58'),
(40, 23, 'NA', '2019-12-10 16:37:58'),
(40, 24, 'A', '2019-12-10 16:37:58'),
(40, 31, 'A', '2019-12-10 16:37:58'),
(40, 36, 'A', '2019-12-10 16:37:58'),
(40, 37, 'A', '2019-12-10 16:37:58'),
(40, 38, 'A', '2019-12-10 16:37:58'),
(40, 41, 'A', '2019-12-10 16:37:58'),
(40, 42, 'EA', '2019-12-10 16:37:58'),
(40, 48, 'A', '2019-12-10 16:37:58'),
(40, 49, 'NA', '2019-12-10 16:37:58'),
(41, 1, 'A', '2019-12-10 16:37:58'),
(41, 8, 'EA', '2019-12-10 16:37:58'),
(41, 17, 'A', '2019-12-10 16:37:58'),
(41, 23, 'A', '2019-12-10 16:37:58'),
(41, 24, 'A', '2019-12-10 16:37:58'),
(41, 31, 'A', '2019-12-10 16:37:58'),
(41, 36, 'A', '2019-12-10 16:37:58'),
(41, 37, 'NA', '2019-12-10 16:37:58'),
(41, 38, 'A', '2019-12-10 16:37:58'),
(41, 41, 'A', '2019-12-10 16:37:58'),
(41, 42, 'NA', '2019-12-10 16:37:58'),
(41, 48, 'A', '2019-12-10 16:37:58'),
(41, 49, 'EA', '2019-12-10 16:37:58'),
(42, 1, 'A', '2019-12-10 16:37:58'),
(42, 8, 'A', '2019-12-10 16:37:58'),
(42, 17, 'A', '2019-12-10 16:37:58'),
(42, 23, 'NA', '2019-12-10 16:37:58'),
(42, 24, 'A', '2019-12-10 16:37:58'),
(42, 31, 'NA', '2019-12-10 16:37:58'),
(42, 36, 'A', '2019-12-10 16:37:58'),
(42, 37, 'EA', '2019-12-10 16:37:58'),
(42, 38, 'A', '2019-12-10 16:37:58'),
(42, 41, 'A', '2019-12-10 16:37:58'),
(42, 42, 'NA', '2019-12-10 16:37:58'),
(42, 48, 'A', '2019-12-10 16:37:58'),
(42, 49, 'A', '2019-12-10 16:37:58'),
(43, 1, 'NA', '2019-12-10 16:37:58'),
(43, 8, 'A', '2019-12-10 16:37:58'),
(43, 17, 'NA', '2019-12-10 16:37:58'),
(43, 23, 'A', '2019-12-10 16:37:58'),
(43, 24, 'A', '2019-12-10 16:37:58'),
(43, 31, 'NA', '2019-12-10 16:37:58'),
(43, 36, 'NA', '2019-12-10 16:37:58'),
(43, 37, 'A', '2019-12-10 16:37:58'),
(43, 38, 'A', '2019-12-10 16:37:58'),
(43, 41, 'A', '2019-12-10 16:37:58'),
(43, 42, 'A', '2019-12-10 16:37:58'),
(43, 48, 'EA', '2019-12-10 16:37:58'),
(43, 49, 'A', '2019-12-10 16:37:58'),
(44, 1, 'A', '2019-12-10 16:37:58'),
(44, 8, 'A', '2019-12-10 16:37:58'),
(44, 17, 'A', '2019-12-10 16:37:58'),
(44, 23, 'NA', '2019-12-10 16:37:58'),
(44, 24, 'A', '2019-12-10 16:37:58'),
(44, 31, 'EA', '2019-12-10 16:37:58'),
(44, 36, 'A', '2019-12-10 16:37:58'),
(44, 37, 'NA', '2019-12-10 16:37:58'),
(44, 38, 'A', '2019-12-10 16:37:58'),
(44, 41, 'A', '2019-12-10 16:37:58'),
(44, 42, 'A', '2019-12-10 16:37:58'),
(44, 48, 'A', '2019-12-10 16:37:58'),
(44, 49, 'A', '2019-12-10 16:37:58'),
(45, 1, 'A', '2019-12-10 16:37:58'),
(45, 8, 'A', '2019-12-10 16:37:58'),
(45, 17, 'A', '2019-12-10 16:37:58'),
(45, 23, 'A', '2019-12-10 16:37:58'),
(45, 24, 'A', '2019-12-10 16:37:58'),
(45, 31, 'A', '2019-12-10 16:37:58'),
(45, 36, 'A', '2019-12-10 16:37:58'),
(45, 37, 'NA', '2019-12-10 16:37:58'),
(45, 38, 'A', '2019-12-10 16:37:58'),
(45, 41, 'NA', '2019-12-10 16:37:58'),
(45, 42, 'A', '2019-12-10 16:37:58'),
(45, 48, 'NA', '2019-12-10 16:37:58'),
(45, 49, 'A', '2019-12-10 16:37:58'),
(46, 1, 'A', '2019-12-10 16:37:58'),
(46, 8, 'A', '2019-12-10 16:37:59'),
(46, 17, 'EA', '2019-12-10 16:37:59'),
(46, 23, 'A', '2019-12-10 16:37:59'),
(46, 24, 'A', '2019-12-10 16:37:59'),
(46, 31, 'A', '2019-12-10 16:37:59'),
(46, 36, 'A', '2019-12-10 16:37:59'),
(46, 37, 'A', '2019-12-10 16:37:59'),
(46, 38, 'A', '2019-12-10 16:37:59'),
(46, 41, 'A', '2019-12-10 16:37:59'),
(46, 42, 'A', '2019-12-10 16:37:59'),
(46, 48, 'A', '2019-12-10 16:37:59'),
(46, 49, 'EA', '2019-12-10 16:37:59'),
(47, 1, 'A', '2019-12-10 16:37:59'),
(47, 8, 'A', '2019-12-10 16:37:59'),
(47, 17, 'A', '2019-12-10 16:37:59'),
(47, 23, 'A', '2019-12-10 16:37:59'),
(47, 24, 'A', '2019-12-10 16:37:59'),
(47, 31, 'NA', '2019-12-10 16:37:59'),
(47, 36, 'A', '2019-12-10 16:37:59'),
(47, 37, 'EA', '2019-12-10 16:37:59'),
(47, 38, 'A', '2019-12-10 16:37:59'),
(47, 41, 'A', '2019-12-10 16:37:59'),
(47, 42, 'A', '2019-12-10 16:37:59'),
(47, 48, 'A', '2019-12-10 16:37:59'),
(47, 49, 'NA', '2019-12-10 16:37:59'),
(48, 1, 'NA', '2019-12-10 16:37:59'),
(48, 8, 'A', '2019-12-10 16:37:59'),
(48, 17, 'A', '2019-12-10 16:37:59'),
(48, 23, 'A', '2019-12-10 16:37:59'),
(48, 24, 'A', '2019-12-10 16:37:59'),
(48, 31, 'A', '2019-12-10 16:37:59'),
(48, 36, 'NA', '2019-12-10 16:37:59'),
(48, 37, 'A', '2019-12-10 16:37:59'),
(48, 38, 'A', '2019-12-10 16:37:59'),
(48, 41, 'A', '2019-12-10 16:37:59'),
(48, 42, 'NA', '2019-12-10 16:37:59'),
(48, 48, 'NA', '2019-12-10 16:37:59'),
(48, 49, 'A', '2019-12-10 16:37:59'),
(49, 1, 'A', '2019-12-10 16:37:59'),
(49, 8, 'NA', '2019-12-10 16:37:59'),
(49, 17, 'A', '2019-12-10 16:37:59'),
(49, 23, 'A', '2019-12-10 16:37:59'),
(49, 24, 'NA', '2019-12-10 16:37:59'),
(49, 31, 'A', '2019-12-10 16:37:59'),
(49, 36, 'A', '2019-12-10 16:37:59'),
(49, 37, 'A', '2019-12-10 16:37:59'),
(49, 38, 'A', '2019-12-10 16:37:59'),
(49, 41, 'A', '2019-12-10 16:37:59'),
(49, 42, 'NA', '2019-12-10 16:37:59'),
(49, 48, 'A', '2019-12-10 16:37:59'),
(49, 49, 'EA', '2019-12-10 16:37:59'),
(50, 1, 'NA', '2019-12-10 16:37:59'),
(50, 8, 'A', '2019-12-10 16:37:59'),
(50, 17, 'NA', '2019-12-10 16:37:59'),
(50, 23, 'A', '2019-12-10 16:37:59'),
(50, 24, 'A', '2019-12-10 16:37:59'),
(50, 31, 'A', '2019-12-10 16:37:59'),
(50, 36, 'A', '2019-12-10 16:37:59'),
(50, 37, 'A', '2019-12-10 16:37:59'),
(50, 38, 'A', '2019-12-10 16:37:59'),
(50, 41, 'A', '2019-12-10 16:37:59'),
(50, 42, 'A', '2019-12-10 16:37:59'),
(50, 48, 'NA', '2019-12-10 16:37:59'),
(50, 49, 'A', '2019-12-10 16:37:59'),
(51, 1, 'A', '2019-12-10 16:37:59'),
(51, 8, 'A', '2019-12-10 16:37:59'),
(51, 17, 'A', '2019-12-10 16:37:59'),
(51, 23, 'A', '2019-12-10 16:37:59'),
(51, 24, 'A', '2019-12-10 16:37:59'),
(51, 31, 'A', '2019-12-10 16:37:59'),
(51, 36, 'A', '2019-12-10 16:37:59'),
(51, 37, 'A', '2019-12-10 16:37:59'),
(51, 38, 'A', '2019-12-10 16:37:59'),
(51, 41, 'A', '2019-12-10 16:37:59'),
(51, 42, 'EA', '2019-12-10 16:37:59'),
(51, 48, 'A', '2019-12-10 16:37:59'),
(51, 49, 'A', '2019-12-10 16:37:59'),
(52, 1, 'NA', '2019-12-10 16:37:59'),
(52, 8, 'A', '2019-12-10 16:37:59'),
(52, 17, 'A', '2019-12-10 16:37:59'),
(52, 23, 'A', '2019-12-10 16:37:59'),
(52, 24, 'NA', '2019-12-10 16:37:59'),
(52, 31, 'A', '2019-12-10 16:37:59'),
(52, 36, 'A', '2019-12-10 16:38:00'),
(52, 37, 'EA', '2019-12-10 16:38:00'),
(52, 38, 'EA', '2019-12-10 16:38:00'),
(52, 41, 'NA', '2019-12-10 16:38:00'),
(52, 42, 'NA', '2019-12-10 16:38:00'),
(52, 48, 'NA', '2019-12-10 16:38:00'),
(52, 49, 'NA', '2019-12-10 16:38:00'),
(53, 1, 'A', '2019-12-10 16:38:00'),
(53, 8, 'A', '2019-12-10 16:38:00'),
(53, 17, 'A', '2019-12-10 16:38:00'),
(53, 23, 'A', '2019-12-10 16:38:00'),
(53, 24, 'A', '2019-12-10 16:38:00'),
(53, 31, 'A', '2019-12-10 16:38:00'),
(53, 36, 'A', '2019-12-10 16:38:00'),
(53, 37, 'NA', '2019-12-10 16:38:00'),
(53, 38, 'EA', '2019-12-10 16:38:00'),
(53, 41, 'NA', '2019-12-10 16:38:00'),
(53, 42, 'NA', '2019-12-10 16:38:00'),
(53, 48, 'A', '2019-12-10 16:38:00'),
(53, 49, 'A', '2019-12-10 16:38:00'),
(54, 1, 'A', '2019-12-10 16:38:00'),
(54, 8, 'A', '2019-12-10 16:38:00'),
(54, 17, 'NA', '2019-12-10 16:38:00'),
(54, 23, 'NA', '2019-12-10 16:38:00'),
(54, 24, 'A', '2019-12-10 16:38:00'),
(54, 31, 'A', '2019-12-10 16:38:00'),
(54, 36, 'A', '2019-12-10 16:38:00'),
(54, 37, 'A', '2019-12-10 16:38:00'),
(54, 38, 'A', '2019-12-10 16:38:00'),
(54, 41, 'EA', '2019-12-10 16:38:00'),
(54, 42, 'A', '2019-12-10 16:38:00'),
(54, 48, 'A', '2019-12-10 16:38:00'),
(54, 49, 'A', '2019-12-10 16:38:00'),
(55, 1, 'A', '2019-12-10 16:38:00'),
(55, 8, 'A', '2019-12-10 16:38:00'),
(55, 17, 'EA', '2019-12-10 16:38:00'),
(55, 23, 'A', '2019-12-10 16:38:00'),
(55, 24, 'A', '2019-12-10 16:38:00'),
(55, 31, 'A', '2019-12-10 16:38:00'),
(55, 36, 'A', '2019-12-10 16:38:00'),
(55, 37, 'A', '2019-12-10 16:38:00'),
(55, 38, 'A', '2019-12-10 16:38:00'),
(55, 41, 'A', '2019-12-10 16:38:00'),
(55, 42, 'A', '2019-12-10 16:38:00'),
(55, 48, 'A', '2019-12-10 16:38:00'),
(55, 49, 'NA', '2019-12-10 16:38:00'),
(56, 1, 'A', '2019-12-10 16:38:00'),
(56, 8, 'A', '2019-12-10 16:38:00'),
(56, 17, 'A', '2019-12-10 16:38:00'),
(56, 23, 'A', '2019-12-10 16:38:00'),
(56, 24, 'EA', '2019-12-10 16:38:00'),
(56, 31, 'A', '2019-12-10 16:38:00'),
(56, 36, 'A', '2019-12-10 16:38:00'),
(56, 37, 'A', '2019-12-10 16:38:00'),
(56, 38, 'A', '2019-12-10 16:38:00'),
(56, 41, 'NA', '2019-12-10 16:38:00'),
(56, 42, 'A', '2019-12-10 16:38:00'),
(56, 48, 'A', '2019-12-10 16:38:00'),
(56, 49, 'A', '2019-12-10 16:38:00'),
(57, 1, 'A', '2019-12-10 16:38:00'),
(57, 8, 'A', '2019-12-10 16:38:00'),
(57, 17, 'EA', '2019-12-10 16:38:00'),
(57, 23, 'A', '2019-12-10 16:38:00'),
(57, 24, 'A', '2019-12-10 16:38:00'),
(57, 31, 'A', '2019-12-10 16:38:00'),
(57, 36, 'A', '2019-12-10 16:38:00'),
(57, 37, 'A', '2019-12-10 16:38:00'),
(57, 38, 'EA', '2019-12-10 16:38:00'),
(57, 41, 'NA', '2019-12-10 16:38:00'),
(57, 42, 'A', '2019-12-10 16:38:00'),
(57, 48, 'A', '2019-12-10 16:38:00'),
(57, 49, 'NA', '2019-12-10 16:38:00'),
(58, 1, 'A', '2019-12-10 16:38:00'),
(58, 8, 'NA', '2019-12-10 16:38:00'),
(58, 17, 'A', '2019-12-10 16:38:00'),
(58, 23, 'EA', '2019-12-10 16:38:00'),
(58, 24, 'A', '2019-12-10 16:38:00'),
(58, 31, 'NA', '2019-12-10 16:38:00'),
(58, 36, 'NA', '2019-12-10 16:38:00'),
(58, 37, 'A', '2019-12-10 16:38:00'),
(58, 38, 'A', '2019-12-10 16:38:00'),
(58, 41, 'EA', '2019-12-10 16:38:00'),
(58, 42, 'A', '2019-12-10 16:38:00'),
(58, 48, 'NA', '2019-12-10 16:38:00'),
(58, 49, 'A', '2019-12-10 16:38:00'),
(59, 1, 'A', '2019-12-10 16:38:00'),
(59, 8, 'NA', '2019-12-10 16:38:01'),
(59, 17, 'EA', '2019-12-10 16:38:01'),
(59, 23, 'NA', '2019-12-10 16:38:01'),
(59, 24, 'EA', '2019-12-10 16:38:01'),
(59, 31, 'A', '2019-12-10 16:38:01'),
(59, 36, 'A', '2019-12-10 16:38:01'),
(59, 37, 'A', '2019-12-10 16:38:01'),
(59, 38, 'A', '2019-12-10 16:38:01'),
(59, 41, 'NA', '2019-12-10 16:38:01'),
(59, 42, 'A', '2019-12-10 16:38:01'),
(59, 48, 'A', '2019-12-10 16:38:01'),
(59, 49, 'NA', '2019-12-10 16:38:01'),
(60, 1, 'NA', '2019-12-10 16:38:01'),
(60, 8, 'A', '2019-12-10 16:38:01'),
(60, 17, 'EA', '2019-12-10 16:38:01'),
(60, 23, 'A', '2019-12-10 16:38:01'),
(60, 24, 'A', '2019-12-10 16:38:01'),
(60, 31, 'A', '2019-12-10 16:38:01'),
(60, 36, 'A', '2019-12-10 16:38:01'),
(60, 37, 'EA', '2019-12-10 16:38:01'),
(60, 38, 'A', '2019-12-10 16:38:01'),
(60, 41, 'NA', '2019-12-10 16:38:01'),
(60, 42, 'A', '2019-12-10 16:38:01'),
(60, 48, 'EA', '2019-12-10 16:38:01'),
(60, 49, 'EA', '2019-12-10 16:38:01'),
(61, 1, 'A', '2019-12-10 16:38:01'),
(61, 8, 'NA', '2019-12-10 16:38:01'),
(61, 17, 'A', '2019-12-10 16:38:01'),
(61, 23, 'A', '2019-12-10 16:38:01'),
(61, 24, 'A', '2019-12-10 16:38:01'),
(61, 31, 'A', '2019-12-10 16:38:01'),
(61, 36, 'A', '2019-12-10 16:38:01'),
(61, 37, 'A', '2019-12-10 16:38:01'),
(61, 38, 'A', '2019-12-10 16:38:01'),
(61, 41, 'A', '2019-12-10 16:38:01'),
(61, 42, 'EA', '2019-12-10 16:38:01'),
(61, 48, 'A', '2019-12-10 16:38:01'),
(61, 49, 'A', '2019-12-10 16:38:01'),
(62, 1, 'NA', '2019-12-10 16:38:01'),
(62, 8, 'A', '2019-12-10 16:38:01'),
(62, 17, 'A', '2019-12-10 16:38:01'),
(62, 23, 'A', '2019-12-10 16:38:01'),
(62, 24, 'A', '2019-12-10 16:38:01'),
(62, 31, 'A', '2019-12-10 16:38:01'),
(62, 36, 'A', '2019-12-10 16:38:01'),
(62, 37, 'A', '2019-12-10 16:38:01'),
(62, 38, 'A', '2019-12-10 16:38:01'),
(62, 41, 'A', '2019-12-10 16:38:01'),
(62, 42, 'A', '2019-12-10 16:38:01'),
(62, 48, 'EA', '2019-12-10 16:38:01'),
(62, 49, 'EA', '2019-12-10 16:38:01'),
(63, 1, 'A', '2019-12-10 16:38:01'),
(63, 8, 'A', '2019-12-10 16:38:01'),
(63, 17, 'A', '2019-12-10 16:38:01'),
(63, 23, 'NA', '2019-12-10 16:38:01'),
(63, 24, 'A', '2019-12-10 16:38:01'),
(63, 31, 'A', '2019-12-10 16:38:01'),
(63, 36, 'A', '2019-12-10 16:38:01'),
(63, 37, 'NA', '2019-12-10 16:38:01'),
(63, 38, 'NA', '2019-12-10 16:38:01'),
(63, 41, 'A', '2019-12-10 16:38:01'),
(63, 42, 'A', '2019-12-10 16:38:01'),
(63, 48, 'A', '2019-12-10 16:38:01'),
(63, 49, 'A', '2019-12-10 16:38:01'),
(64, 1, 'NA', '2019-12-10 16:38:01'),
(64, 8, 'A', '2019-12-10 16:38:01'),
(64, 17, 'A', '2019-12-10 16:38:01'),
(64, 23, 'A', '2019-12-10 16:38:01'),
(64, 24, 'A', '2019-12-10 16:38:01'),
(64, 31, 'EA', '2019-12-10 16:38:01'),
(64, 36, 'A', '2019-12-10 16:38:01'),
(64, 37, 'EA', '2019-12-10 16:38:01'),
(64, 38, 'A', '2019-12-10 16:38:01'),
(64, 41, 'A', '2019-12-10 16:38:01'),
(64, 42, 'A', '2019-12-10 16:38:01'),
(64, 48, 'A', '2019-12-10 16:38:01'),
(64, 49, 'A', '2019-12-10 16:38:01'),
(65, 1, 'A', '2019-12-10 16:38:01'),
(65, 8, 'EA', '2019-12-10 16:38:01'),
(65, 17, 'A', '2019-12-10 16:38:01'),
(65, 23, 'A', '2019-12-10 16:38:01'),
(65, 24, 'A', '2019-12-10 16:38:01'),
(65, 31, 'NA', '2019-12-10 16:38:01'),
(65, 36, 'A', '2019-12-10 16:38:01'),
(65, 37, 'NA', '2019-12-10 16:38:01'),
(65, 38, 'A', '2019-12-10 16:38:01'),
(65, 41, 'A', '2019-12-10 16:38:01'),
(65, 42, 'NA', '2019-12-10 16:38:01'),
(65, 48, 'A', '2019-12-10 16:38:01'),
(65, 49, 'A', '2019-12-10 16:38:01'),
(66, 1, 'A', '2019-12-10 16:38:01'),
(66, 8, 'A', '2019-12-10 16:38:01'),
(66, 17, 'A', '2019-12-10 16:38:01'),
(66, 23, 'A', '2019-12-10 16:38:01'),
(66, 24, 'A', '2019-12-10 16:38:01'),
(66, 31, 'A', '2019-12-10 16:38:01'),
(66, 36, 'NA', '2019-12-10 16:38:01'),
(66, 37, 'A', '2019-12-10 16:38:01'),
(66, 38, 'A', '2019-12-10 16:38:01'),
(66, 41, 'EA', '2019-12-10 16:38:01'),
(66, 42, 'A', '2019-12-10 16:38:01'),
(66, 48, 'NA', '2019-12-10 16:38:02'),
(66, 49, 'A', '2019-12-10 16:38:02'),
(67, 1, 'A', '2019-12-10 16:38:02'),
(67, 8, 'A', '2019-12-10 16:38:02'),
(67, 17, 'NA', '2019-12-10 16:38:02'),
(67, 23, 'A', '2019-12-10 16:38:02'),
(67, 24, 'A', '2019-12-10 16:38:02'),
(67, 31, 'A', '2019-12-10 16:38:02'),
(67, 36, 'A', '2019-12-10 16:38:02'),
(67, 37, 'A', '2019-12-10 16:38:02'),
(67, 38, 'A', '2019-12-10 16:38:02'),
(67, 41, 'EA', '2019-12-10 16:38:02'),
(67, 42, 'A', '2019-12-10 16:38:02'),
(67, 48, 'A', '2019-12-10 16:38:02'),
(67, 49, 'A', '2019-12-10 16:38:02'),
(68, 1, 'A', '2019-12-10 16:38:02'),
(68, 8, 'A', '2019-12-10 16:38:02'),
(68, 17, 'NA', '2019-12-10 16:38:02'),
(68, 23, 'A', '2019-12-10 16:38:02'),
(68, 24, 'A', '2019-12-10 16:38:02'),
(68, 31, 'A', '2019-12-10 16:38:02'),
(68, 36, 'NA', '2019-12-10 16:38:02'),
(68, 37, 'A', '2019-12-10 16:38:02'),
(68, 38, 'A', '2019-12-10 16:38:02'),
(68, 41, 'A', '2019-12-10 16:38:02'),
(68, 42, 'A', '2019-12-10 16:38:02'),
(68, 48, 'A', '2019-12-10 16:38:02'),
(68, 49, 'A', '2019-12-10 16:38:02'),
(69, 1, 'NA', '2019-12-10 16:38:02'),
(69, 8, 'A', '2019-12-10 16:38:02'),
(69, 17, 'NA', '2019-12-10 16:38:02'),
(69, 23, 'NA', '2019-12-10 16:38:02'),
(69, 24, 'NA', '2019-12-10 16:38:02'),
(69, 31, 'A', '2019-12-10 16:38:02'),
(69, 36, 'A', '2019-12-10 16:38:02'),
(69, 37, 'NA', '2019-12-10 16:38:02'),
(69, 38, 'A', '2019-12-10 16:38:02'),
(69, 41, 'A', '2019-12-10 16:38:02'),
(69, 42, 'A', '2019-12-10 16:38:02'),
(69, 48, 'A', '2019-12-10 16:38:02'),
(69, 49, 'NA', '2019-12-10 16:38:02'),
(70, 1, 'A', '2019-12-10 16:38:02'),
(70, 8, 'EA', '2019-12-10 16:38:02'),
(70, 17, 'A', '2019-12-10 16:38:02'),
(70, 23, 'A', '2019-12-10 16:38:02'),
(70, 24, 'NA', '2019-12-10 16:38:02'),
(70, 31, 'A', '2019-12-10 16:38:02'),
(70, 36, 'A', '2019-12-10 16:38:02'),
(70, 37, 'EA', '2019-12-10 16:38:02'),
(70, 38, 'EA', '2019-12-10 16:38:02'),
(70, 41, 'A', '2019-12-10 16:38:02'),
(70, 42, 'A', '2019-12-10 16:38:02'),
(70, 48, 'EA', '2019-12-10 16:38:02'),
(70, 49, 'A', '2019-12-10 16:38:02'),
(71, 1, 'EA', '2019-12-10 16:38:02'),
(71, 8, 'A', '2019-12-10 16:38:02'),
(71, 17, 'A', '2019-12-10 16:38:02'),
(71, 23, 'NA', '2019-12-10 16:38:02'),
(71, 24, 'NA', '2019-12-10 16:38:02'),
(71, 31, 'A', '2019-12-10 16:38:02'),
(71, 36, 'A', '2019-12-10 16:38:02'),
(71, 37, 'A', '2019-12-10 16:38:02'),
(71, 38, 'NA', '2019-12-10 16:38:02'),
(71, 41, 'A', '2019-12-10 16:38:02'),
(71, 42, 'NA', '2019-12-10 16:38:02'),
(71, 48, 'EA', '2019-12-10 16:38:02'),
(71, 49, 'EA', '2019-12-10 16:38:02'),
(72, 1, 'A', '2019-12-10 16:38:02'),
(72, 8, 'A', '2019-12-10 16:38:02'),
(72, 17, 'A', '2019-12-10 16:38:02'),
(72, 23, 'A', '2019-12-10 16:38:02'),
(72, 24, 'NA', '2019-12-10 16:38:02'),
(72, 31, 'EA', '2019-12-10 16:38:02'),
(72, 36, 'NA', '2019-12-10 16:38:02'),
(72, 37, 'A', '2019-12-10 16:38:02'),
(72, 38, 'A', '2019-12-10 16:38:02'),
(72, 41, 'A', '2019-12-10 16:38:03'),
(72, 42, 'A', '2019-12-10 16:38:03'),
(72, 48, 'A', '2019-12-10 16:38:03'),
(72, 49, 'A', '2019-12-10 16:38:03'),
(73, 1, 'A', '2019-12-10 16:38:03'),
(73, 8, 'NA', '2019-12-10 16:38:03'),
(73, 17, 'A', '2019-12-10 16:38:03'),
(73, 23, 'A', '2019-12-10 16:38:03'),
(73, 24, 'A', '2019-12-10 16:38:03'),
(73, 31, 'A', '2019-12-10 16:38:03'),
(73, 36, 'A', '2019-12-10 16:38:03'),
(73, 37, 'A', '2019-12-10 16:38:03'),
(73, 38, 'A', '2019-12-10 16:38:03'),
(73, 41, 'A', '2019-12-10 16:38:03'),
(73, 42, 'EA', '2019-12-10 16:38:03'),
(73, 48, 'A', '2019-12-10 16:38:03'),
(73, 49, 'NA', '2019-12-10 16:38:03'),
(74, 1, 'A', '2019-12-10 16:38:03'),
(74, 8, 'A', '2019-12-10 16:38:03'),
(74, 17, 'A', '2019-12-10 16:38:03'),
(74, 23, 'A', '2019-12-10 16:38:03'),
(74, 24, 'A', '2019-12-10 16:38:03'),
(74, 31, 'A', '2019-12-10 16:38:03'),
(74, 36, 'EA', '2019-12-10 16:38:03'),
(74, 37, 'A', '2019-12-10 16:38:03'),
(74, 38, 'EA', '2019-12-10 16:38:03'),
(74, 41, 'EA', '2019-12-10 16:38:03'),
(74, 42, 'A', '2019-12-10 16:38:03'),
(74, 48, 'NA', '2019-12-10 16:38:03'),
(74, 49, 'A', '2019-12-10 16:38:03'),
(75, 1, 'A', '2019-12-10 16:38:03'),
(75, 8, 'A', '2019-12-10 16:38:03'),
(75, 17, 'A', '2019-12-10 16:38:03'),
(75, 23, 'A', '2019-12-10 16:38:03'),
(75, 24, 'EA', '2019-12-10 16:38:03'),
(75, 31, 'EA', '2019-12-10 16:38:03'),
(75, 36, 'A', '2019-12-10 16:38:03'),
(75, 37, 'EA', '2019-12-10 16:38:03'),
(75, 38, 'A', '2019-12-10 16:38:03'),
(75, 41, 'EA', '2019-12-10 16:38:03'),
(75, 42, 'A', '2019-12-10 16:38:03'),
(75, 48, 'EA', '2019-12-10 16:38:03'),
(75, 49, 'A', '2019-12-10 16:38:03'),
(76, 1, 'NA', '2019-12-10 16:38:03'),
(76, 8, 'A', '2019-12-10 16:38:03'),
(76, 17, 'EA', '2019-12-10 16:38:03'),
(76, 23, 'A', '2019-12-10 16:38:03'),
(76, 24, 'EA', '2019-12-10 16:38:03'),
(76, 31, 'A', '2019-12-10 16:38:03'),
(76, 36, 'A', '2019-12-10 16:38:03'),
(76, 37, 'A', '2019-12-10 16:38:03'),
(76, 38, 'A', '2019-12-10 16:38:03'),
(76, 41, 'EA', '2019-12-10 16:38:03'),
(76, 42, 'NA', '2019-12-10 16:38:03'),
(76, 48, 'A', '2019-12-10 16:38:03'),
(76, 49, 'EA', '2019-12-10 16:38:03'),
(77, 1, 'A', '2019-12-10 16:38:03'),
(77, 8, 'EA', '2019-12-10 16:38:03'),
(77, 17, 'A', '2019-12-10 16:38:03'),
(77, 23, 'NA', '2019-12-10 16:38:03'),
(77, 24, 'A', '2019-12-10 16:38:03'),
(77, 31, 'EA', '2019-12-10 16:38:03'),
(77, 36, 'NA', '2019-12-10 16:38:03'),
(77, 37, 'A', '2019-12-10 16:38:03'),
(77, 38, 'NA', '2019-12-10 16:38:03'),
(77, 41, 'EA', '2019-12-10 16:38:03'),
(77, 42, 'A', '2019-12-10 16:38:03'),
(77, 48, 'A', '2019-12-10 16:38:03'),
(77, 49, 'A', '2019-12-10 16:38:03'),
(78, 1, 'A', '2019-12-10 16:38:03'),
(78, 8, 'A', '2019-12-10 16:38:03'),
(78, 17, 'A', '2019-12-10 16:38:03'),
(78, 23, 'A', '2019-12-10 16:38:03'),
(78, 24, 'EA', '2019-12-10 16:38:03'),
(78, 31, 'A', '2019-12-10 16:38:03'),
(78, 36, 'A', '2019-12-10 16:38:03'),
(78, 37, 'A', '2019-12-10 16:38:03'),
(78, 38, 'NA', '2019-12-10 16:38:03'),
(78, 41, 'NA', '2019-12-10 16:38:03'),
(78, 42, 'A', '2019-12-10 16:38:03'),
(78, 48, 'A', '2019-12-10 16:38:04'),
(78, 49, 'A', '2019-12-10 16:38:04'),
(79, 1, 'A', '2019-12-10 16:38:04'),
(79, 8, 'A', '2019-12-10 16:38:04'),
(79, 17, 'A', '2019-12-10 16:38:04'),
(79, 23, 'EA', '2019-12-10 16:38:04'),
(79, 24, 'A', '2019-12-10 16:38:04'),
(79, 31, 'NA', '2019-12-10 16:38:04'),
(79, 36, 'A', '2019-12-10 16:38:04'),
(79, 37, 'A', '2019-12-10 16:38:04'),
(79, 38, 'EA', '2019-12-10 16:38:04'),
(79, 41, 'A', '2019-12-10 16:38:04'),
(79, 42, 'NA', '2019-12-10 16:38:04'),
(79, 48, 'EA', '2019-12-10 16:38:04'),
(79, 49, 'A', '2019-12-10 16:38:04'),
(80, 1, 'NA', '2019-12-10 16:38:04'),
(80, 8, 'A', '2019-12-10 16:38:04'),
(80, 17, 'A', '2019-12-10 16:38:04'),
(80, 23, 'EA', '2019-12-10 16:38:04'),
(80, 24, 'EA', '2019-12-10 16:38:04'),
(80, 31, 'A', '2019-12-10 16:38:04'),
(80, 36, 'A', '2019-12-10 16:38:04'),
(80, 37, 'A', '2019-12-10 16:38:04'),
(80, 38, 'A', '2019-12-10 16:38:04'),
(80, 41, 'NA', '2019-12-10 16:38:04'),
(80, 42, 'A', '2019-12-10 16:38:04'),
(80, 48, 'A', '2019-12-10 16:38:04'),
(80, 49, 'NA', '2019-12-10 16:38:04'),
(81, 1, 'A', '2019-12-10 16:38:04'),
(81, 8, 'NA', '2019-12-10 16:38:04'),
(81, 17, 'A', '2019-12-10 16:38:04'),
(81, 23, 'A', '2019-12-10 16:38:04'),
(81, 24, 'A', '2019-12-10 16:38:04'),
(81, 31, 'A', '2019-12-10 16:38:04'),
(81, 36, 'A', '2019-12-10 16:38:04'),
(81, 37, 'A', '2019-12-10 16:38:04'),
(81, 38, 'EA', '2019-12-10 16:38:04'),
(81, 41, 'A', '2019-12-10 16:38:04'),
(81, 42, 'EA', '2019-12-10 16:38:04'),
(81, 48, 'A', '2019-12-10 16:38:04'),
(81, 49, 'NA', '2019-12-10 16:38:04'),
(82, 1, 'NA', '2019-12-10 16:38:04'),
(82, 8, 'A', '2019-12-10 16:38:04'),
(82, 17, 'A', '2019-12-10 16:38:04'),
(82, 23, 'A', '2019-12-10 16:38:04'),
(82, 24, 'A', '2019-12-10 16:38:04'),
(82, 31, 'A', '2019-12-10 16:38:04'),
(82, 36, 'A', '2019-12-10 16:38:04'),
(82, 37, 'NA', '2019-12-10 16:38:04'),
(82, 38, 'EA', '2019-12-10 16:38:04'),
(82, 41, 'A', '2019-12-10 16:38:04'),
(82, 42, 'NA', '2019-12-10 16:38:04'),
(82, 48, 'A', '2019-12-10 16:38:04'),
(82, 49, 'A', '2019-12-10 16:38:04'),
(83, 1, 'A', '2019-12-10 16:38:04'),
(83, 8, 'EA', '2019-12-10 16:38:04'),
(83, 17, 'NA', '2019-12-10 16:38:04'),
(83, 23, 'NA', '2019-12-10 16:38:04'),
(83, 24, 'A', '2019-12-10 16:38:04'),
(83, 31, 'A', '2019-12-10 16:38:04'),
(83, 36, 'A', '2019-12-10 16:38:04'),
(83, 37, 'A', '2019-12-10 16:38:04'),
(83, 38, 'A', '2019-12-10 16:38:04'),
(83, 41, 'A', '2019-12-10 16:38:04'),
(83, 42, 'NA', '2019-12-10 16:38:04'),
(83, 48, 'A', '2019-12-10 16:38:04'),
(83, 49, 'EA', '2019-12-10 16:38:04'),
(84, 1, 'A', '2019-12-10 16:38:04'),
(84, 8, 'A', '2019-12-10 16:38:04'),
(84, 17, 'A', '2019-12-10 16:38:04'),
(84, 23, 'NA', '2019-12-10 16:38:04'),
(84, 24, 'A', '2019-12-10 16:38:04'),
(84, 31, 'A', '2019-12-10 16:38:04'),
(84, 36, 'EA', '2019-12-10 16:38:04'),
(84, 37, 'A', '2019-12-10 16:38:04'),
(84, 38, 'NA', '2019-12-10 16:38:04'),
(84, 41, 'A', '2019-12-10 16:38:04'),
(84, 42, 'A', '2019-12-10 16:38:04'),
(84, 48, 'A', '2019-12-10 16:38:04'),
(84, 49, 'NA', '2019-12-10 16:38:04'),
(85, 1, 'EA', '2019-12-10 16:38:04'),
(85, 8, 'A', '2019-12-10 16:38:04'),
(85, 17, 'A', '2019-12-10 16:38:04'),
(85, 23, 'NA', '2019-12-10 16:38:04'),
(85, 24, 'EA', '2019-12-10 16:38:04'),
(85, 31, 'A', '2019-12-10 16:38:04'),
(85, 36, 'EA', '2019-12-10 16:38:04'),
(85, 37, 'NA', '2019-12-10 16:38:04'),
(85, 38, 'A', '2019-12-10 16:38:04'),
(85, 41, 'A', '2019-12-10 16:38:04'),
(85, 42, 'A', '2019-12-10 16:38:05'),
(85, 48, 'A', '2019-12-10 16:38:05'),
(85, 49, 'A', '2019-12-10 16:38:05'),
(86, 1, 'A', '2019-12-10 16:38:05'),
(86, 8, 'A', '2019-12-10 16:38:05'),
(86, 17, 'A', '2019-12-10 16:38:05'),
(86, 23, 'A', '2019-12-10 16:38:05'),
(86, 24, 'A', '2019-12-10 16:38:05'),
(86, 31, 'A', '2019-12-10 16:38:05'),
(86, 36, 'A', '2019-12-10 16:38:05'),
(86, 37, 'A', '2019-12-10 16:38:05'),
(86, 38, 'NA', '2019-12-10 16:38:05'),
(86, 41, 'EA', '2019-12-10 16:38:05'),
(86, 42, 'A', '2019-12-10 16:38:05'),
(86, 48, 'NA', '2019-12-10 16:38:05'),
(86, 49, 'A', '2019-12-10 16:38:05'),
(87, 1, 'A', '2019-12-10 16:38:05'),
(87, 8, 'NA', '2019-12-10 16:38:05'),
(87, 17, 'NA', '2019-12-10 16:38:05'),
(87, 23, 'A', '2019-12-10 16:38:05'),
(87, 24, 'A', '2019-12-10 16:38:05'),
(87, 31, 'A', '2019-12-10 16:38:05'),
(87, 36, 'A', '2019-12-10 16:38:05'),
(87, 37, 'A', '2019-12-10 16:38:05'),
(87, 38, 'A', '2019-12-10 16:38:05'),
(87, 41, 'A', '2019-12-10 16:38:05'),
(87, 42, 'A', '2019-12-10 16:38:05'),
(87, 48, 'A', '2019-12-10 16:38:05'),
(87, 49, 'NA', '2019-12-10 16:38:05'),
(88, 1, 'A', '2019-12-10 16:38:05'),
(88, 8, 'A', '2019-12-10 16:38:05'),
(88, 17, 'A', '2019-12-10 16:38:05'),
(88, 23, 'A', '2019-12-10 16:38:05'),
(88, 24, 'A', '2019-12-10 16:38:05'),
(88, 31, 'A', '2019-12-10 16:38:05'),
(88, 36, 'EA', '2019-12-10 16:38:05'),
(88, 37, 'A', '2019-12-10 16:38:05'),
(88, 38, 'EA', '2019-12-10 16:38:05'),
(88, 41, 'A', '2019-12-10 16:38:05'),
(88, 42, 'A', '2019-12-10 16:38:05'),
(88, 48, 'EA', '2019-12-10 16:38:05'),
(88, 49, 'A', '2019-12-10 16:38:05'),
(89, 1, 'A', '2019-12-10 16:38:05'),
(89, 8, 'A', '2019-12-10 16:38:05'),
(89, 17, 'EA', '2019-12-10 16:38:05'),
(89, 23, 'NA', '2019-12-10 16:38:05'),
(89, 24, 'A', '2019-12-10 16:38:05'),
(89, 31, 'A', '2019-12-10 16:38:05'),
(89, 36, 'NA', '2019-12-10 16:38:05'),
(89, 37, 'A', '2019-12-10 16:38:05'),
(89, 38, 'A', '2019-12-10 16:38:05'),
(89, 41, 'A', '2019-12-10 16:38:05'),
(89, 42, 'A', '2019-12-10 16:38:05'),
(89, 48, 'NA', '2019-12-10 16:38:05'),
(89, 49, 'EA', '2019-12-10 16:38:05'),
(90, 1, 'EA', '2019-12-10 16:38:05'),
(90, 8, 'A', '2019-12-10 16:38:05'),
(90, 17, 'NA', '2019-12-10 16:38:05'),
(90, 23, 'A', '2019-12-10 16:38:05'),
(90, 24, 'A', '2019-12-10 16:38:05'),
(90, 31, 'A', '2019-12-10 16:38:05'),
(90, 36, 'A', '2019-12-10 16:38:05'),
(90, 37, 'EA', '2019-12-10 16:38:05'),
(90, 38, 'A', '2019-12-10 16:38:05'),
(90, 41, 'A', '2019-12-10 16:38:05'),
(90, 42, 'EA', '2019-12-10 16:38:05'),
(90, 48, 'EA', '2019-12-10 16:38:05'),
(90, 49, 'A', '2019-12-10 16:38:05'),
(91, 1, 'A', '2019-12-10 16:38:05'),
(91, 8, 'EA', '2019-12-10 16:38:05'),
(91, 17, 'NA', '2019-12-10 16:38:05'),
(91, 23, 'NA', '2019-12-10 16:38:05'),
(91, 24, 'EA', '2019-12-10 16:38:06'),
(91, 31, 'EA', '2019-12-10 16:38:06'),
(91, 36, 'A', '2019-12-10 16:38:06'),
(91, 37, 'A', '2019-12-10 16:38:06'),
(91, 38, 'NA', '2019-12-10 16:38:06'),
(91, 41, 'A', '2019-12-10 16:38:06'),
(91, 42, 'A', '2019-12-10 16:38:06'),
(91, 48, 'A', '2019-12-10 16:38:06'),
(91, 49, 'A', '2019-12-10 16:38:06'),
(92, 1, 'A', '2019-12-10 16:38:06'),
(92, 8, 'NA', '2019-12-10 16:38:06'),
(92, 17, 'A', '2019-12-10 16:38:06'),
(92, 23, 'A', '2019-12-10 16:38:06'),
(92, 24, 'EA', '2019-12-10 16:38:06'),
(92, 31, 'A', '2019-12-10 16:38:06'),
(92, 36, 'A', '2019-12-10 16:38:06'),
(92, 37, 'NA', '2019-12-10 16:38:06'),
(92, 38, 'A', '2019-12-10 16:38:06'),
(92, 41, 'NA', '2019-12-10 16:38:06'),
(92, 42, 'EA', '2019-12-10 16:38:06'),
(92, 48, 'A', '2019-12-10 16:38:06'),
(92, 49, 'A', '2019-12-10 16:38:06'),
(93, 1, 'A', '2019-12-10 16:38:06'),
(93, 8, 'NA', '2019-12-10 16:38:06'),
(93, 17, 'EA', '2019-12-10 16:38:06'),
(93, 23, 'A', '2019-12-10 16:38:06'),
(93, 24, 'A', '2019-12-10 16:38:06'),
(93, 31, 'A', '2019-12-10 16:38:06'),
(93, 36, 'A', '2019-12-10 16:38:06'),
(93, 37, 'A', '2019-12-10 16:38:06'),
(93, 38, 'A', '2019-12-10 16:38:06'),
(93, 41, 'NA', '2019-12-10 16:38:06'),
(93, 42, 'NA', '2019-12-10 16:38:06'),
(93, 48, 'EA', '2019-12-10 16:38:06'),
(93, 49, 'NA', '2019-12-10 16:38:06'),
(94, 1, 'A', '2019-12-10 16:38:06'),
(94, 8, 'NA', '2019-12-10 16:38:06'),
(94, 17, 'A', '2019-12-10 16:38:06'),
(94, 23, 'NA', '2019-12-10 16:38:06'),
(94, 24, 'NA', '2019-12-10 16:38:06'),
(94, 31, 'NA', '2019-12-10 16:38:06'),
(94, 36, 'A', '2019-12-10 16:38:06'),
(94, 37, 'A', '2019-12-10 16:38:06'),
(94, 38, 'EA', '2019-12-10 16:38:06'),
(94, 41, 'A', '2019-12-10 16:38:06'),
(94, 42, 'EA', '2019-12-10 16:38:06'),
(94, 48, 'A', '2019-12-10 16:38:06'),
(94, 49, 'A', '2019-12-10 16:38:06'),
(95, 1, 'A', '2019-12-10 16:38:06'),
(95, 8, 'A', '2019-12-10 16:38:06'),
(95, 17, 'A', '2019-12-10 16:38:06'),
(95, 23, 'A', '2019-12-10 16:38:06'),
(95, 24, 'A', '2019-12-10 16:38:06'),
(95, 31, 'EA', '2019-12-10 16:38:06'),
(95, 36, 'A', '2019-12-10 16:38:06'),
(95, 37, 'A', '2019-12-10 16:38:06'),
(95, 38, 'NA', '2019-12-10 16:38:06'),
(95, 41, 'NA', '2019-12-10 16:38:06'),
(95, 42, 'A', '2019-12-10 16:38:06'),
(95, 48, 'NA', '2019-12-10 16:38:06'),
(95, 49, 'A', '2019-12-10 16:38:06'),
(96, 1, 'NA', '2019-12-10 16:38:06'),
(96, 8, 'A', '2019-12-10 16:38:06'),
(96, 17, 'A', '2019-12-10 16:38:06'),
(96, 23, 'NA', '2019-12-10 16:38:06'),
(96, 24, 'A', '2019-12-10 16:38:06'),
(96, 31, 'EA', '2019-12-10 16:38:06'),
(96, 36, 'A', '2019-12-10 16:38:06'),
(96, 37, 'EA', '2019-12-10 16:38:06'),
(96, 38, 'A', '2019-12-10 16:38:06'),
(96, 41, 'NA', '2019-12-10 16:38:06'),
(96, 42, 'A', '2019-12-10 16:38:06'),
(96, 48, 'EA', '2019-12-10 16:38:06'),
(96, 49, 'EA', '2019-12-10 16:38:06'),
(97, 1, 'A', '2019-12-10 16:38:06'),
(97, 8, 'A', '2019-12-10 16:38:06'),
(97, 17, 'A', '2019-12-10 16:38:06'),
(97, 23, 'A', '2019-12-10 16:38:06'),
(97, 24, 'EA', '2019-12-10 16:38:06'),
(97, 31, 'A', '2019-12-10 16:38:07'),
(97, 36, 'A', '2019-12-10 16:38:07'),
(97, 37, 'A', '2019-12-10 16:38:07'),
(97, 38, 'A', '2019-12-10 16:38:07'),
(97, 41, 'A', '2019-12-10 16:38:07'),
(97, 42, 'NA', '2019-12-10 16:38:07'),
(97, 48, 'A', '2019-12-10 16:38:07'),
(97, 49, 'A', '2019-12-10 16:38:07'),
(98, 1, 'A', '2019-12-10 16:38:07'),
(98, 8, 'A', '2019-12-10 16:38:07'),
(98, 17, 'NA', '2019-12-10 16:38:07'),
(98, 23, 'A', '2019-12-10 16:38:07'),
(98, 24, 'A', '2019-12-10 16:38:07'),
(98, 31, 'A', '2019-12-10 16:38:07'),
(98, 36, 'NA', '2019-12-10 16:38:07'),
(98, 37, 'A', '2019-12-10 16:38:07'),
(98, 38, 'A', '2019-12-10 16:38:07'),
(98, 41, 'A', '2019-12-10 16:38:07'),
(98, 42, 'A', '2019-12-10 16:38:07'),
(98, 48, 'NA', '2019-12-10 16:38:07'),
(98, 49, 'A', '2019-12-10 16:38:07'),
(99, 1, 'A', '2019-12-10 16:38:07'),
(99, 8, 'NA', '2019-12-10 16:38:07'),
(99, 17, 'NA', '2019-12-10 16:38:07'),
(99, 23, 'NA', '2019-12-10 16:38:07'),
(99, 24, 'A', '2019-12-10 16:38:07'),
(99, 31, 'A', '2019-12-10 16:38:07'),
(99, 36, 'A', '2019-12-10 16:38:07'),
(99, 37, 'NA', '2019-12-10 16:38:07'),
(99, 38, 'A', '2019-12-10 16:38:07'),
(99, 41, 'A', '2019-12-10 16:38:07'),
(99, 42, 'A', '2019-12-10 16:38:07'),
(99, 48, 'A', '2019-12-10 16:38:07'),
(99, 49, 'NA', '2019-12-10 16:38:07'),
(100, 1, 'A', '2019-12-10 16:38:07'),
(100, 8, 'A', '2019-12-10 16:38:07'),
(100, 17, 'A', '2019-12-10 16:38:07'),
(100, 23, 'NA', '2019-12-10 16:38:07'),
(100, 24, 'A', '2019-12-10 16:38:07'),
(100, 31, 'EA', '2019-12-10 16:38:07'),
(100, 36, 'A', '2019-12-10 16:38:07'),
(100, 37, 'A', '2019-12-10 16:38:07'),
(100, 38, 'A', '2019-12-10 16:38:07'),
(100, 41, 'A', '2019-12-10 16:38:07'),
(100, 42, 'A', '2019-12-10 16:38:07'),
(100, 48, 'A', '2019-12-10 16:38:07'),
(100, 49, 'A', '2019-12-10 16:38:07'),
(101, 1, 'A', '2019-12-10 16:38:07'),
(101, 8, 'A', '2019-12-10 16:38:07'),
(101, 17, 'A', '2019-12-10 16:38:07'),
(101, 23, 'A', '2019-12-10 16:38:07'),
(101, 24, 'A', '2019-12-10 16:38:07'),
(101, 31, 'A', '2019-12-10 16:38:07'),
(101, 36, 'NA', '2019-12-10 16:38:07'),
(101, 37, 'NA', '2019-12-10 16:38:07'),
(101, 38, 'A', '2019-12-10 16:38:07'),
(101, 41, 'A', '2019-12-10 16:38:07'),
(101, 42, 'A', '2019-12-10 16:38:07'),
(101, 48, 'A', '2019-12-10 16:38:07'),
(101, 49, 'NA', '2019-12-10 16:38:07'),
(102, 1, 'A', '2019-12-10 16:38:07'),
(102, 8, 'A', '2019-12-10 16:38:07');
INSERT INTO `resultat` (`etudiant`, `apprentissage`, `notation`, `created_at`) VALUES
(102, 17, 'A', '2019-12-10 16:38:07'),
(102, 23, 'A', '2019-12-10 16:38:07'),
(102, 24, 'A', '2019-12-10 16:38:07'),
(102, 31, 'A', '2019-12-10 16:38:07'),
(102, 36, 'A', '2019-12-10 16:38:07'),
(102, 37, 'NA', '2019-12-10 16:38:07'),
(102, 38, 'A', '2019-12-10 16:38:07'),
(102, 41, 'A', '2019-12-10 16:38:07'),
(102, 42, 'A', '2019-12-10 16:38:07'),
(102, 48, 'A', '2019-12-10 16:38:07'),
(102, 49, 'A', '2019-12-10 16:38:07'),
(103, 1, 'A', '2019-12-10 16:38:07'),
(103, 8, 'EA', '2019-12-10 16:38:07'),
(103, 17, 'A', '2019-12-10 16:38:07'),
(103, 23, 'NA', '2019-12-10 16:38:07'),
(103, 24, 'EA', '2019-12-10 16:38:07'),
(103, 31, 'A', '2019-12-10 16:38:07'),
(103, 36, 'A', '2019-12-10 16:38:07'),
(103, 37, 'EA', '2019-12-10 16:38:07'),
(103, 38, 'A', '2019-12-10 16:38:07'),
(103, 41, 'A', '2019-12-10 16:38:08'),
(103, 42, 'A', '2019-12-10 16:38:08'),
(103, 48, 'A', '2019-12-10 16:38:08'),
(103, 49, 'A', '2019-12-10 16:38:08'),
(104, 1, 'A', '2019-12-10 16:38:08'),
(104, 8, 'A', '2019-12-10 16:38:08'),
(104, 17, 'NA', '2019-12-10 16:38:08'),
(104, 23, 'NA', '2019-12-10 16:38:08'),
(104, 24, 'A', '2019-12-10 16:38:08'),
(104, 31, 'EA', '2019-12-10 16:38:08'),
(104, 36, 'NA', '2019-12-10 16:38:08'),
(104, 37, 'A', '2019-12-10 16:38:08'),
(104, 38, 'EA', '2019-12-10 16:38:08'),
(104, 41, 'A', '2019-12-10 16:38:08'),
(104, 42, 'A', '2019-12-10 16:38:08'),
(104, 48, 'NA', '2019-12-10 16:38:08'),
(104, 49, 'A', '2019-12-10 16:38:08'),
(105, 1, 'A', '2019-12-10 16:38:08'),
(105, 8, 'A', '2019-12-10 16:38:08'),
(105, 17, 'A', '2019-12-10 16:38:08'),
(105, 23, 'A', '2019-12-10 16:38:08'),
(105, 24, 'NA', '2019-12-10 16:38:08'),
(105, 31, 'A', '2019-12-10 16:38:08'),
(105, 36, 'A', '2019-12-10 16:38:08'),
(105, 37, 'A', '2019-12-10 16:38:08'),
(105, 38, 'A', '2019-12-10 16:38:08'),
(105, 41, 'A', '2019-12-10 16:38:08'),
(105, 42, 'NA', '2019-12-10 16:38:08'),
(105, 48, 'A', '2019-12-10 16:38:08'),
(105, 49, 'A', '2019-12-10 16:38:08'),
(106, 1, 'A', '2019-12-10 16:38:08'),
(106, 8, 'EA', '2019-12-10 16:38:08'),
(106, 17, 'A', '2019-12-10 16:38:08'),
(106, 23, 'A', '2019-12-10 16:38:08'),
(106, 24, 'NA', '2019-12-10 16:38:08'),
(106, 31, 'A', '2019-12-10 16:38:08'),
(106, 36, 'NA', '2019-12-10 16:38:08'),
(106, 37, 'NA', '2019-12-10 16:38:08'),
(106, 38, 'A', '2019-12-10 16:38:08'),
(106, 41, 'A', '2019-12-10 16:38:08'),
(106, 42, 'EA', '2019-12-10 16:38:08'),
(106, 48, 'NA', '2019-12-10 16:38:08'),
(106, 49, 'A', '2019-12-10 16:38:08'),
(107, 1, 'A', '2019-12-10 16:38:08'),
(107, 8, 'A', '2019-12-10 16:38:08'),
(107, 17, 'A', '2019-12-10 16:38:08'),
(107, 23, 'A', '2019-12-10 16:38:08'),
(107, 24, 'A', '2019-12-10 16:38:08'),
(107, 31, 'A', '2019-12-10 16:38:08'),
(107, 36, 'EA', '2019-12-10 16:38:08'),
(107, 37, 'NA', '2019-12-10 16:38:08'),
(107, 38, 'A', '2019-12-10 16:38:08'),
(107, 41, 'NA', '2019-12-10 16:38:08'),
(107, 42, 'A', '2019-12-10 16:38:08'),
(107, 48, 'NA', '2019-12-10 16:38:08'),
(107, 49, 'A', '2019-12-10 16:38:08'),
(108, 1, 'A', '2019-12-10 16:38:08'),
(108, 8, 'A', '2019-12-10 16:38:08'),
(108, 17, 'A', '2019-12-10 16:38:08'),
(108, 23, 'EA', '2019-12-10 16:38:08'),
(108, 24, 'A', '2019-12-10 16:38:08'),
(108, 31, 'A', '2019-12-10 16:38:08'),
(108, 36, 'A', '2019-12-10 16:38:08'),
(108, 37, 'NA', '2019-12-10 16:38:08'),
(108, 38, 'NA', '2019-12-10 16:38:08'),
(108, 41, 'A', '2019-12-10 16:38:08'),
(108, 42, 'A', '2019-12-10 16:38:08'),
(108, 48, 'A', '2019-12-10 16:38:08'),
(108, 49, 'NA', '2019-12-10 16:38:08'),
(109, 1, 'A', '2019-12-10 16:38:08'),
(109, 8, 'A', '2019-12-10 16:38:08'),
(109, 17, 'NA', '2019-12-10 16:38:08'),
(109, 23, 'EA', '2019-12-10 16:38:08'),
(109, 24, 'NA', '2019-12-10 16:38:08'),
(109, 31, 'A', '2019-12-10 16:38:08'),
(109, 36, 'A', '2019-12-10 16:38:08'),
(109, 37, 'EA', '2019-12-10 16:38:08'),
(109, 38, 'A', '2019-12-10 16:38:08'),
(109, 41, 'A', '2019-12-10 16:38:08'),
(109, 42, 'A', '2019-12-10 16:38:08'),
(109, 48, 'A', '2019-12-10 16:38:08'),
(109, 49, 'NA', '2019-12-10 16:38:08'),
(110, 1, 'NA', '2019-12-10 16:38:08'),
(110, 8, 'EA', '2019-12-10 16:38:08'),
(110, 17, 'A', '2019-12-10 16:38:08'),
(110, 23, 'A', '2019-12-10 16:38:09'),
(110, 24, 'A', '2019-12-10 16:38:09'),
(110, 31, 'A', '2019-12-10 16:38:09'),
(110, 36, 'A', '2019-12-10 16:38:09'),
(110, 37, 'A', '2019-12-10 16:38:09'),
(110, 38, 'A', '2019-12-10 16:38:09'),
(110, 41, 'A', '2019-12-10 16:38:09'),
(110, 42, 'EA', '2019-12-10 16:38:09'),
(110, 48, 'A', '2019-12-10 16:38:09'),
(110, 49, 'A', '2019-12-10 16:38:09'),
(111, 1, 'A', '2019-12-10 16:38:09'),
(111, 8, 'EA', '2019-12-10 16:38:09'),
(111, 17, 'A', '2019-12-10 16:38:09'),
(111, 23, 'A', '2019-12-10 16:38:09'),
(111, 24, 'A', '2019-12-10 16:38:09'),
(111, 31, 'A', '2019-12-10 16:38:09'),
(111, 36, 'A', '2019-12-10 16:38:09'),
(111, 37, 'A', '2019-12-10 16:38:09'),
(111, 38, 'A', '2019-12-10 16:38:09'),
(111, 41, 'A', '2019-12-10 16:38:09'),
(111, 42, 'EA', '2019-12-10 16:38:09'),
(111, 48, 'A', '2019-12-10 16:38:09'),
(111, 49, 'A', '2019-12-10 16:38:09'),
(112, 1, 'A', '2019-12-10 16:38:09'),
(112, 8, 'A', '2019-12-10 16:38:09'),
(112, 17, 'A', '2019-12-10 16:38:09'),
(112, 23, 'NA', '2019-12-10 16:38:09'),
(112, 24, 'A', '2019-12-10 16:38:09'),
(112, 31, 'A', '2019-12-10 16:38:09'),
(112, 36, 'EA', '2019-12-10 16:38:09'),
(112, 37, 'A', '2019-12-10 16:38:09'),
(112, 38, 'A', '2019-12-10 16:38:09'),
(112, 41, 'A', '2019-12-10 16:38:09'),
(112, 42, 'A', '2019-12-10 16:38:09'),
(112, 48, 'A', '2019-12-10 16:38:09'),
(112, 49, 'A', '2019-12-10 16:38:09'),
(113, 1, 'A', '2019-12-10 16:38:09'),
(113, 8, 'NA', '2019-12-10 16:38:09'),
(113, 17, 'NA', '2019-12-10 16:38:09'),
(113, 23, 'A', '2019-12-10 16:38:09'),
(113, 24, 'EA', '2019-12-10 16:38:09'),
(113, 31, 'A', '2019-12-10 16:38:09'),
(113, 36, 'A', '2019-12-10 16:38:09'),
(113, 37, 'EA', '2019-12-10 16:38:09'),
(113, 38, 'A', '2019-12-10 16:38:09'),
(113, 41, 'A', '2019-12-10 16:38:09'),
(113, 42, 'EA', '2019-12-10 16:38:09'),
(113, 48, 'EA', '2019-12-10 16:38:09'),
(113, 49, 'A', '2019-12-10 16:38:09'),
(114, 1, 'A', '2019-12-10 16:38:09'),
(114, 8, 'A', '2019-12-10 16:38:09'),
(114, 17, 'A', '2019-12-10 16:38:09'),
(114, 23, 'A', '2019-12-10 16:38:09'),
(114, 24, 'NA', '2019-12-10 16:38:09'),
(114, 31, 'A', '2019-12-10 16:38:09'),
(114, 36, 'NA', '2019-12-10 16:38:09'),
(114, 37, 'EA', '2019-12-10 16:38:09'),
(114, 38, 'A', '2019-12-10 16:38:09'),
(114, 41, 'EA', '2019-12-10 16:38:09'),
(114, 42, 'NA', '2019-12-10 16:38:09'),
(114, 48, 'A', '2019-12-10 16:38:09'),
(114, 49, 'NA', '2019-12-10 16:38:09'),
(115, 1, 'A', '2019-12-10 16:38:09'),
(115, 8, 'A', '2019-12-10 16:38:09'),
(115, 17, 'A', '2019-12-10 16:38:09'),
(115, 23, 'A', '2019-12-10 16:38:09'),
(115, 24, 'NA', '2019-12-10 16:38:09'),
(115, 31, 'A', '2019-12-10 16:38:09'),
(115, 36, 'EA', '2019-12-10 16:38:09'),
(115, 37, 'A', '2019-12-10 16:38:09'),
(115, 38, 'NA', '2019-12-10 16:38:09'),
(115, 41, 'A', '2019-12-10 16:38:09'),
(115, 42, 'NA', '2019-12-10 16:38:09'),
(115, 48, 'NA', '2019-12-10 16:38:09'),
(115, 49, 'EA', '2019-12-10 16:38:09'),
(116, 1, 'A', '2019-12-10 16:38:09'),
(116, 8, 'A', '2019-12-10 16:38:09'),
(116, 17, 'EA', '2019-12-10 16:38:09'),
(116, 23, 'EA', '2019-12-10 16:38:09'),
(116, 24, 'A', '2019-12-10 16:38:09'),
(116, 31, 'A', '2019-12-10 16:38:09'),
(116, 36, 'A', '2019-12-10 16:38:09'),
(116, 37, 'A', '2019-12-10 16:38:09'),
(116, 38, 'A', '2019-12-10 16:38:09'),
(116, 41, 'A', '2019-12-10 16:38:09'),
(116, 42, 'A', '2019-12-10 16:38:09'),
(116, 48, 'A', '2019-12-10 16:38:09'),
(116, 49, 'A', '2019-12-10 16:38:09'),
(117, 1, 'NA', '2019-12-10 16:38:09'),
(117, 8, 'A', '2019-12-10 16:38:09'),
(117, 17, 'EA', '2019-12-10 16:38:09'),
(117, 23, 'A', '2019-12-10 16:38:09'),
(117, 24, 'EA', '2019-12-10 16:38:09'),
(117, 31, 'NA', '2019-12-10 16:38:09'),
(117, 36, 'A', '2019-12-10 16:38:09'),
(117, 37, 'A', '2019-12-10 16:38:09'),
(117, 38, 'EA', '2019-12-10 16:38:09'),
(117, 41, 'NA', '2019-12-10 16:38:09'),
(117, 42, 'A', '2019-12-10 16:38:09'),
(117, 48, 'A', '2019-12-10 16:38:09'),
(117, 49, 'A', '2019-12-10 16:38:09'),
(118, 1, 'A', '2019-12-10 16:38:10'),
(118, 8, 'A', '2019-12-10 16:38:10'),
(118, 17, 'NA', '2019-12-10 16:38:10'),
(118, 23, 'NA', '2019-12-10 16:38:10'),
(118, 24, 'A', '2019-12-10 16:38:10'),
(118, 31, 'NA', '2019-12-10 16:38:10'),
(118, 36, 'NA', '2019-12-10 16:38:10'),
(118, 37, 'A', '2019-12-10 16:38:10'),
(118, 38, 'NA', '2019-12-10 16:38:10'),
(118, 41, 'A', '2019-12-10 16:38:10'),
(118, 42, 'A', '2019-12-10 16:38:10'),
(118, 48, 'NA', '2019-12-10 16:38:10'),
(118, 49, 'A', '2019-12-10 16:38:10'),
(119, 1, 'A', '2019-12-10 16:38:10'),
(119, 8, 'A', '2019-12-10 16:38:10'),
(119, 17, 'A', '2019-12-10 16:38:10'),
(119, 23, 'A', '2019-12-10 16:38:10'),
(119, 24, 'A', '2019-12-10 16:38:10'),
(119, 31, 'A', '2019-12-10 16:38:10'),
(119, 36, 'EA', '2019-12-10 16:38:10'),
(119, 37, 'EA', '2019-12-10 16:38:10'),
(119, 38, 'NA', '2019-12-10 16:38:10'),
(119, 41, 'A', '2019-12-10 16:38:10'),
(119, 42, 'NA', '2019-12-10 16:38:10'),
(119, 48, 'A', '2019-12-10 16:38:10'),
(119, 49, 'A', '2019-12-10 16:38:10'),
(120, 1, 'A', '2019-12-10 16:38:10'),
(120, 8, 'A', '2019-12-10 16:38:10'),
(120, 17, 'A', '2019-12-10 16:38:10'),
(120, 23, 'A', '2019-12-10 16:38:10'),
(120, 24, 'A', '2019-12-10 16:38:10'),
(120, 31, 'A', '2019-12-10 16:38:10'),
(120, 36, 'A', '2019-12-10 16:38:10'),
(120, 37, 'A', '2019-12-10 16:38:10'),
(120, 38, 'NA', '2019-12-10 16:38:10'),
(120, 41, 'A', '2019-12-10 16:38:10'),
(120, 42, 'A', '2019-12-10 16:38:10'),
(120, 48, 'NA', '2019-12-10 16:38:10'),
(120, 49, 'NA', '2019-12-10 16:38:10'),
(121, 1, 'EA', '2019-12-10 16:38:10'),
(121, 8, 'NA', '2019-12-10 16:38:10'),
(121, 17, 'A', '2019-12-10 16:38:10'),
(121, 23, 'A', '2019-12-10 16:38:10'),
(121, 24, 'A', '2019-12-10 16:38:10'),
(121, 31, 'A', '2019-12-10 16:38:10'),
(121, 36, 'A', '2019-12-10 16:38:10'),
(121, 37, 'A', '2019-12-10 16:38:10'),
(121, 38, 'NA', '2019-12-10 16:38:10'),
(121, 41, 'NA', '2019-12-10 16:38:10'),
(121, 42, 'NA', '2019-12-10 16:38:10'),
(121, 48, 'EA', '2019-12-10 16:38:10'),
(121, 49, 'A', '2019-12-10 16:38:10'),
(122, 1, 'A', '2019-12-10 16:38:10'),
(122, 8, 'NA', '2019-12-10 16:38:10'),
(122, 17, 'A', '2019-12-10 16:38:10'),
(122, 23, 'A', '2019-12-10 16:38:10'),
(122, 24, 'A', '2019-12-10 16:38:10'),
(122, 31, 'A', '2019-12-10 16:38:10'),
(122, 36, 'NA', '2019-12-10 16:38:10'),
(122, 37, 'NA', '2019-12-10 16:38:10'),
(122, 38, 'NA', '2019-12-10 16:38:10'),
(122, 41, 'A', '2019-12-10 16:38:10'),
(122, 42, 'A', '2019-12-10 16:38:10'),
(122, 48, 'NA', '2019-12-10 16:38:10'),
(122, 49, 'NA', '2019-12-10 16:38:10'),
(123, 1, 'A', '2019-12-10 16:38:10'),
(123, 8, 'A', '2019-12-10 16:38:10'),
(123, 17, 'A', '2019-12-10 16:38:10'),
(123, 23, 'NA', '2019-12-10 16:38:10'),
(123, 24, 'EA', '2019-12-10 16:38:10'),
(123, 31, 'A', '2019-12-10 16:38:10'),
(123, 36, 'NA', '2019-12-10 16:38:10'),
(123, 37, 'A', '2019-12-10 16:38:10'),
(123, 38, 'A', '2019-12-10 16:38:10'),
(123, 41, 'A', '2019-12-10 16:38:10'),
(123, 42, 'A', '2019-12-10 16:38:10'),
(123, 48, 'A', '2019-12-10 16:38:10'),
(123, 49, 'A', '2019-12-10 16:38:10'),
(124, 1, 'A', '2019-12-10 16:38:10'),
(124, 8, 'A', '2019-12-10 16:38:10'),
(124, 17, 'A', '2019-12-10 16:38:10'),
(124, 23, 'A', '2019-12-10 16:38:10'),
(124, 24, 'A', '2019-12-10 16:38:10'),
(124, 31, 'A', '2019-12-10 16:38:10'),
(124, 36, 'A', '2019-12-10 16:38:10'),
(124, 37, 'NA', '2019-12-10 16:38:10'),
(124, 38, 'A', '2019-12-10 16:38:10'),
(124, 41, 'EA', '2019-12-10 16:38:10'),
(124, 42, 'A', '2019-12-10 16:38:10'),
(124, 48, 'A', '2019-12-10 16:38:10'),
(124, 49, 'A', '2019-12-10 16:38:10'),
(125, 1, 'A', '2019-12-10 16:38:10'),
(125, 8, 'EA', '2019-12-10 16:38:10'),
(125, 17, 'A', '2019-12-10 16:38:10'),
(125, 23, 'A', '2019-12-10 16:38:10'),
(125, 24, 'NA', '2019-12-10 16:38:10'),
(125, 31, 'A', '2019-12-10 16:38:10'),
(125, 36, 'A', '2019-12-10 16:38:10'),
(125, 37, 'NA', '2019-12-10 16:38:10'),
(125, 38, 'A', '2019-12-10 16:38:10'),
(125, 41, 'A', '2019-12-10 16:38:10'),
(125, 42, 'A', '2019-12-10 16:38:10'),
(125, 48, 'A', '2019-12-10 16:38:10'),
(125, 49, 'NA', '2019-12-10 16:38:10'),
(126, 1, 'A', '2019-12-10 16:38:10'),
(126, 8, 'NA', '2019-12-10 16:38:10'),
(126, 17, 'A', '2019-12-10 16:38:10'),
(126, 23, 'A', '2019-12-10 16:38:11'),
(126, 24, 'A', '2019-12-10 16:38:11'),
(126, 31, 'NA', '2019-12-10 16:38:11'),
(126, 36, 'EA', '2019-12-10 16:38:11'),
(126, 37, 'A', '2019-12-10 16:38:11'),
(126, 38, 'A', '2019-12-10 16:38:11'),
(126, 41, 'A', '2019-12-10 16:38:11'),
(126, 42, 'A', '2019-12-10 16:38:11'),
(126, 48, 'A', '2019-12-10 16:38:11'),
(126, 49, 'EA', '2019-12-10 16:38:11'),
(127, 1, 'A', '2019-12-10 16:38:11'),
(127, 8, 'NA', '2019-12-10 16:38:11'),
(127, 17, 'NA', '2019-12-10 16:38:11'),
(127, 23, 'NA', '2019-12-10 16:38:11'),
(127, 24, 'NA', '2019-12-10 16:38:11'),
(127, 31, 'A', '2019-12-10 16:38:11'),
(127, 36, 'A', '2019-12-10 16:38:11'),
(127, 37, 'A', '2019-12-10 16:38:11'),
(127, 38, 'A', '2019-12-10 16:38:11'),
(127, 41, 'A', '2019-12-10 16:38:11'),
(127, 42, 'A', '2019-12-10 16:38:11'),
(127, 48, 'NA', '2019-12-10 16:38:11'),
(127, 49, 'A', '2019-12-10 16:38:11'),
(128, 1, 'EA', '2019-12-10 16:38:11'),
(128, 8, 'NA', '2019-12-10 16:38:11'),
(128, 17, 'A', '2019-12-10 16:38:11'),
(128, 23, 'A', '2019-12-10 16:38:11'),
(128, 24, 'NA', '2019-12-10 16:38:11'),
(128, 31, 'A', '2019-12-10 16:38:11'),
(128, 36, 'A', '2019-12-10 16:38:11'),
(128, 37, 'A', '2019-12-10 16:38:11'),
(128, 38, 'A', '2019-12-10 16:38:11'),
(128, 41, 'NA', '2019-12-10 16:38:11'),
(128, 42, 'A', '2019-12-10 16:38:11'),
(128, 48, 'EA', '2019-12-10 16:38:11'),
(128, 49, 'A', '2019-12-10 16:38:11'),
(129, 1, 'A', '2019-12-10 16:38:11'),
(129, 8, 'A', '2019-12-10 16:38:11'),
(129, 17, 'A', '2019-12-10 16:38:11'),
(129, 23, 'A', '2019-12-10 16:38:11'),
(129, 24, 'A', '2019-12-10 16:38:11'),
(129, 31, 'A', '2019-12-10 16:38:11'),
(129, 36, 'A', '2019-12-10 16:38:11'),
(129, 37, 'A', '2019-12-10 16:38:11'),
(129, 38, 'A', '2019-12-10 16:38:11'),
(129, 41, 'A', '2019-12-10 16:38:11'),
(129, 42, 'A', '2019-12-10 16:38:11'),
(129, 48, 'A', '2019-12-10 16:38:11'),
(129, 49, 'A', '2019-12-10 16:38:11'),
(130, 1, 'A', '2019-12-10 16:38:11'),
(130, 8, 'A', '2019-12-10 16:38:11'),
(130, 17, 'NA', '2019-12-10 16:38:11'),
(130, 23, 'A', '2019-12-10 16:38:11'),
(130, 24, 'A', '2019-12-10 16:38:11'),
(130, 31, 'A', '2019-12-10 16:38:11'),
(130, 36, 'A', '2019-12-10 16:38:11'),
(130, 37, 'A', '2019-12-10 16:38:11'),
(130, 38, 'A', '2019-12-10 16:38:11'),
(130, 41, 'EA', '2019-12-10 16:38:11'),
(130, 42, 'A', '2019-12-10 16:38:11'),
(130, 48, 'A', '2019-12-10 16:38:11'),
(130, 49, 'A', '2019-12-10 16:38:11'),
(131, 1, 'A', '2019-12-10 16:38:11'),
(131, 8, 'A', '2019-12-10 16:38:11'),
(131, 17, 'NA', '2019-12-10 16:38:11'),
(131, 23, 'EA', '2019-12-10 16:38:11'),
(131, 24, 'A', '2019-12-10 16:38:11'),
(131, 31, 'A', '2019-12-10 16:38:11'),
(131, 36, 'NA', '2019-12-10 16:38:11'),
(131, 37, 'A', '2019-12-10 16:38:11'),
(131, 38, 'A', '2019-12-10 16:38:11'),
(131, 41, 'A', '2019-12-10 16:38:11'),
(131, 42, 'EA', '2019-12-10 16:38:11'),
(131, 48, 'A', '2019-12-10 16:38:11'),
(131, 49, 'A', '2019-12-10 16:38:11'),
(132, 1, 'A', '2019-12-10 16:38:11'),
(132, 8, 'EA', '2019-12-10 16:38:11'),
(132, 17, 'A', '2019-12-10 16:38:11'),
(132, 23, 'A', '2019-12-10 16:38:11'),
(132, 24, 'A', '2019-12-10 16:38:11'),
(132, 31, 'NA', '2019-12-10 16:38:12'),
(132, 36, 'A', '2019-12-10 16:38:12'),
(132, 37, 'NA', '2019-12-10 16:38:12'),
(132, 38, 'EA', '2019-12-10 16:38:12'),
(132, 41, 'NA', '2019-12-10 16:38:12'),
(132, 42, 'A', '2019-12-10 16:38:12'),
(132, 48, 'A', '2019-12-10 16:38:12'),
(132, 49, 'EA', '2019-12-10 16:38:12'),
(133, 1, 'A', '2019-12-10 16:38:12'),
(133, 8, 'NA', '2019-12-10 16:38:12'),
(133, 17, 'A', '2019-12-10 16:38:12'),
(133, 23, 'A', '2019-12-10 16:38:12'),
(133, 24, 'NA', '2019-12-10 16:38:12'),
(133, 31, 'NA', '2019-12-10 16:38:12'),
(133, 36, 'A', '2019-12-10 16:38:12'),
(133, 37, 'A', '2019-12-10 16:38:12'),
(133, 38, 'A', '2019-12-10 16:38:12'),
(133, 41, 'A', '2019-12-10 16:38:12'),
(133, 42, 'A', '2019-12-10 16:38:12'),
(133, 48, 'A', '2019-12-10 16:38:12'),
(133, 49, 'EA', '2019-12-10 16:38:12'),
(134, 1, 'EA', '2019-12-10 16:38:12'),
(134, 8, 'A', '2019-12-10 16:38:12'),
(134, 17, 'EA', '2019-12-10 16:38:12'),
(134, 23, 'A', '2019-12-10 16:38:12'),
(134, 24, 'EA', '2019-12-10 16:38:12'),
(134, 31, 'NA', '2019-12-10 16:38:12'),
(134, 36, 'NA', '2019-12-10 16:38:12'),
(134, 37, 'A', '2019-12-10 16:38:12'),
(134, 38, 'A', '2019-12-10 16:38:12'),
(134, 41, 'A', '2019-12-10 16:38:12'),
(134, 42, 'EA', '2019-12-10 16:38:12'),
(134, 48, 'EA', '2019-12-10 16:38:12'),
(134, 49, 'A', '2019-12-10 16:38:12'),
(135, 1, 'A', '2019-12-10 16:38:12'),
(135, 8, 'A', '2019-12-10 16:38:12'),
(135, 17, 'A', '2019-12-10 16:38:12'),
(135, 23, 'NA', '2019-12-10 16:38:12'),
(135, 24, 'A', '2019-12-10 16:38:12'),
(135, 31, 'A', '2019-12-10 16:38:12'),
(135, 36, 'A', '2019-12-10 16:38:12'),
(135, 37, 'NA', '2019-12-10 16:38:12'),
(135, 38, 'A', '2019-12-10 16:38:12'),
(135, 41, 'A', '2019-12-10 16:38:12'),
(135, 42, 'A', '2019-12-10 16:38:12'),
(135, 48, 'EA', '2019-12-10 16:38:12'),
(135, 49, 'A', '2019-12-10 16:38:12'),
(136, 1, 'EA', '2019-12-10 16:38:12'),
(136, 8, 'EA', '2019-12-10 16:38:12'),
(136, 17, 'A', '2019-12-10 16:38:12'),
(136, 23, 'A', '2019-12-10 16:38:12'),
(136, 24, 'EA', '2019-12-10 16:38:12'),
(136, 31, 'A', '2019-12-10 16:38:12'),
(136, 36, 'NA', '2019-12-10 16:38:12'),
(136, 37, 'A', '2019-12-10 16:38:12'),
(136, 38, 'EA', '2019-12-10 16:38:12'),
(136, 41, 'A', '2019-12-10 16:38:12'),
(136, 42, 'A', '2019-12-10 16:38:12'),
(136, 48, 'A', '2019-12-10 16:38:12'),
(136, 49, 'A', '2019-12-10 16:38:12'),
(137, 1, 'A', '2019-12-10 16:38:12'),
(137, 8, 'A', '2019-12-10 16:38:12'),
(137, 17, 'A', '2019-12-10 16:38:12'),
(137, 23, 'EA', '2019-12-10 16:38:12'),
(137, 24, 'A', '2019-12-10 16:38:12'),
(137, 31, 'A', '2019-12-10 16:38:12'),
(137, 36, 'A', '2019-12-10 16:38:12'),
(137, 37, 'A', '2019-12-10 16:38:12'),
(137, 38, 'A', '2019-12-10 16:38:12'),
(137, 41, 'A', '2019-12-10 16:38:12'),
(137, 42, 'A', '2019-12-10 16:38:12'),
(137, 48, 'NA', '2019-12-10 16:38:12'),
(137, 49, 'A', '2019-12-10 16:38:12'),
(138, 1, 'A', '2019-12-10 16:38:12'),
(138, 8, 'A', '2019-12-10 16:38:12'),
(138, 17, 'A', '2019-12-10 16:38:12'),
(138, 23, 'EA', '2019-12-10 16:38:12'),
(138, 24, 'A', '2019-12-10 16:38:12'),
(138, 31, 'A', '2019-12-10 16:38:12'),
(138, 36, 'EA', '2019-12-10 16:38:12'),
(138, 37, 'NA', '2019-12-10 16:38:12'),
(138, 38, 'A', '2019-12-10 16:38:12'),
(138, 41, 'NA', '2019-12-10 16:38:12'),
(138, 42, 'A', '2019-12-10 16:38:12'),
(138, 48, 'A', '2019-12-10 16:38:12'),
(138, 49, 'A', '2019-12-10 16:38:12'),
(139, 1, 'A', '2019-12-10 16:38:13'),
(139, 8, 'NA', '2019-12-10 16:38:13'),
(139, 17, 'A', '2019-12-10 16:38:13'),
(139, 23, 'A', '2019-12-10 16:38:13'),
(139, 24, 'A', '2019-12-10 16:38:13'),
(139, 31, 'A', '2019-12-10 16:38:13'),
(139, 36, 'A', '2019-12-10 16:38:13'),
(139, 37, 'A', '2019-12-10 16:38:13'),
(139, 38, 'NA', '2019-12-10 16:38:13'),
(139, 41, 'A', '2019-12-10 16:38:13'),
(139, 42, 'A', '2019-12-10 16:38:13'),
(139, 48, 'A', '2019-12-10 16:38:13'),
(139, 49, 'A', '2019-12-10 16:38:13'),
(140, 1, 'A', '2019-12-10 16:38:13'),
(140, 8, 'A', '2019-12-10 16:38:13'),
(140, 17, 'EA', '2019-12-10 16:38:13'),
(140, 23, 'EA', '2019-12-10 16:38:13'),
(140, 24, 'EA', '2019-12-10 16:38:13'),
(140, 31, 'A', '2019-12-10 16:38:13'),
(140, 36, 'A', '2019-12-10 16:38:13'),
(140, 37, 'A', '2019-12-10 16:38:13'),
(140, 38, 'A', '2019-12-10 16:38:13'),
(140, 41, 'A', '2019-12-10 16:38:13'),
(140, 42, 'EA', '2019-12-10 16:38:13'),
(140, 48, 'EA', '2019-12-10 16:38:13'),
(140, 49, 'A', '2019-12-10 16:38:13'),
(141, 1, 'A', '2019-12-10 16:38:13'),
(141, 8, 'A', '2019-12-10 16:38:13'),
(141, 17, 'A', '2019-12-10 16:38:13'),
(141, 23, 'A', '2019-12-10 16:38:13'),
(141, 24, 'A', '2019-12-10 16:38:13'),
(141, 31, 'A', '2019-12-10 16:38:13'),
(141, 36, 'A', '2019-12-10 16:38:13'),
(141, 37, 'A', '2019-12-10 16:38:13'),
(141, 38, 'A', '2019-12-10 16:38:13'),
(141, 41, 'NA', '2019-12-10 16:38:13'),
(141, 42, 'A', '2019-12-10 16:38:13'),
(141, 48, 'NA', '2019-12-10 16:38:13'),
(141, 49, 'A', '2019-12-10 16:38:13'),
(142, 1, 'A', '2019-12-10 16:38:13'),
(142, 8, 'A', '2019-12-10 16:38:13'),
(142, 17, 'A', '2019-12-10 16:38:13'),
(142, 23, 'A', '2019-12-10 16:38:13'),
(142, 24, 'A', '2019-12-10 16:38:13'),
(142, 31, 'A', '2019-12-10 16:38:13'),
(142, 36, 'A', '2019-12-10 16:38:13'),
(142, 37, 'A', '2019-12-10 16:38:13'),
(142, 38, 'A', '2019-12-10 16:38:13'),
(142, 41, 'A', '2019-12-10 16:38:13'),
(142, 42, 'EA', '2019-12-10 16:38:13'),
(142, 48, 'A', '2019-12-10 16:38:13'),
(142, 49, 'EA', '2019-12-10 16:38:13'),
(143, 1, 'NA', '2019-12-10 16:38:13'),
(143, 8, 'A', '2019-12-10 16:38:13'),
(143, 17, 'A', '2019-12-10 16:38:13'),
(143, 23, 'NA', '2019-12-10 16:38:13'),
(143, 24, 'A', '2019-12-10 16:38:13'),
(143, 31, 'A', '2019-12-10 16:38:13'),
(143, 36, 'NA', '2019-12-10 16:38:13'),
(143, 37, 'A', '2019-12-10 16:38:13'),
(143, 38, 'A', '2019-12-10 16:38:13'),
(143, 41, 'A', '2019-12-10 16:38:13'),
(143, 42, 'A', '2019-12-10 16:38:13'),
(143, 48, 'NA', '2019-12-10 16:38:13'),
(143, 49, 'NA', '2019-12-10 16:38:13'),
(144, 1, 'NA', '2019-12-10 16:38:13'),
(144, 8, 'A', '2019-12-10 16:38:13'),
(144, 17, 'NA', '2019-12-10 16:38:13'),
(144, 23, 'EA', '2019-12-10 16:38:13'),
(144, 24, 'NA', '2019-12-10 16:38:13'),
(144, 31, 'NA', '2019-12-10 16:38:13'),
(144, 36, 'A', '2019-12-10 16:38:13'),
(144, 37, 'A', '2019-12-10 16:38:13'),
(144, 38, 'A', '2019-12-10 16:38:13'),
(144, 41, 'EA', '2019-12-10 16:38:13'),
(144, 42, 'A', '2019-12-10 16:38:13'),
(144, 48, 'NA', '2019-12-10 16:38:13'),
(144, 49, 'A', '2019-12-10 16:38:13'),
(145, 1, 'A', '2019-12-10 16:38:13'),
(145, 8, 'A', '2019-12-10 16:38:13'),
(145, 17, 'A', '2019-12-10 16:38:13'),
(145, 23, 'A', '2019-12-10 16:38:13'),
(145, 24, 'A', '2019-12-10 16:38:13'),
(145, 31, 'NA', '2019-12-10 16:38:13'),
(145, 36, 'A', '2019-12-10 16:38:13'),
(145, 37, 'A', '2019-12-10 16:38:13'),
(145, 38, 'A', '2019-12-10 16:38:13'),
(145, 41, 'NA', '2019-12-10 16:38:13'),
(145, 42, 'NA', '2019-12-10 16:38:13'),
(145, 48, 'A', '2019-12-10 16:38:13'),
(145, 49, 'A', '2019-12-10 16:38:13'),
(146, 1, 'A', '2019-12-10 16:38:13'),
(146, 8, 'NA', '2019-12-10 16:38:13'),
(146, 17, 'A', '2019-12-10 16:38:13'),
(146, 23, 'A', '2019-12-10 16:38:13'),
(146, 24, 'EA', '2019-12-10 16:38:13'),
(146, 31, 'A', '2019-12-10 16:38:13'),
(146, 36, 'A', '2019-12-10 16:38:13'),
(146, 37, 'A', '2019-12-10 16:38:13'),
(146, 38, 'EA', '2019-12-10 16:38:13'),
(146, 41, 'EA', '2019-12-10 16:38:13'),
(146, 42, 'A', '2019-12-10 16:38:13'),
(146, 48, 'A', '2019-12-10 16:38:13'),
(146, 49, 'A', '2019-12-10 16:38:13'),
(147, 1, 'A', '2019-12-10 16:38:14'),
(147, 8, 'A', '2019-12-10 16:38:14'),
(147, 17, 'A', '2019-12-10 16:38:14'),
(147, 23, 'NA', '2019-12-10 16:38:14'),
(147, 24, 'EA', '2019-12-10 16:38:14'),
(147, 31, 'NA', '2019-12-10 16:38:14'),
(147, 36, 'NA', '2019-12-10 16:38:14'),
(147, 37, 'A', '2019-12-10 16:38:14'),
(147, 38, 'A', '2019-12-10 16:38:14'),
(147, 41, 'EA', '2019-12-10 16:38:14'),
(147, 42, 'NA', '2019-12-10 16:38:14'),
(147, 48, 'A', '2019-12-10 16:38:14'),
(147, 49, 'NA', '2019-12-10 16:38:14'),
(148, 1, 'A', '2019-12-10 16:38:14'),
(148, 8, 'A', '2019-12-10 16:38:14'),
(148, 17, 'A', '2019-12-10 16:38:14'),
(148, 23, 'EA', '2019-12-10 16:38:14'),
(148, 24, 'EA', '2019-12-10 16:38:14'),
(148, 31, 'NA', '2019-12-10 16:38:14'),
(148, 36, 'A', '2019-12-10 16:38:14'),
(148, 37, 'A', '2019-12-10 16:38:14'),
(148, 38, 'A', '2019-12-10 16:38:14'),
(148, 41, 'A', '2019-12-10 16:38:14'),
(148, 42, 'NA', '2019-12-10 16:38:14'),
(148, 48, 'A', '2019-12-10 16:38:14'),
(148, 49, 'A', '2019-12-10 16:38:14'),
(149, 1, 'A', '2019-12-10 16:38:14'),
(149, 8, 'NA', '2019-12-10 16:38:14'),
(149, 17, 'NA', '2019-12-10 16:38:14'),
(149, 23, 'NA', '2019-12-10 16:38:14'),
(149, 24, 'NA', '2019-12-10 16:38:14'),
(149, 31, 'A', '2019-12-10 16:38:14'),
(149, 36, 'A', '2019-12-10 16:38:14'),
(149, 37, 'A', '2019-12-10 16:38:14'),
(149, 38, 'A', '2019-12-10 16:38:14'),
(149, 41, 'A', '2019-12-10 16:38:14'),
(149, 42, 'A', '2019-12-10 16:38:14'),
(149, 48, 'NA', '2019-12-10 16:38:14'),
(149, 49, 'A', '2019-12-10 16:38:14'),
(150, 1, 'A', '2019-12-10 16:38:14'),
(150, 8, 'NA', '2019-12-10 16:38:14'),
(150, 17, 'A', '2019-12-10 16:38:14'),
(150, 23, 'A', '2019-12-10 16:38:14'),
(150, 24, 'A', '2019-12-10 16:38:14'),
(150, 31, 'A', '2019-12-10 16:38:14'),
(150, 36, 'A', '2019-12-10 16:38:14'),
(150, 37, 'A', '2019-12-10 16:38:14'),
(150, 38, 'A', '2019-12-10 16:38:14'),
(150, 41, 'NA', '2019-12-10 16:38:14'),
(150, 42, 'A', '2019-12-10 16:38:14'),
(150, 48, 'A', '2019-12-10 16:38:14'),
(150, 49, 'EA', '2019-12-10 16:38:14'),
(151, 1, 'EA', '2019-12-10 16:38:14'),
(151, 8, 'A', '2019-12-10 16:38:14'),
(151, 17, 'EA', '2019-12-10 16:38:14'),
(151, 23, 'A', '2019-12-10 16:38:14'),
(151, 24, 'NA', '2019-12-10 16:38:14'),
(151, 31, 'NA', '2019-12-10 16:38:14'),
(151, 36, 'A', '2019-12-10 16:38:14'),
(151, 37, 'NA', '2019-12-10 16:38:14'),
(151, 38, 'NA', '2019-12-10 16:38:14'),
(151, 41, 'A', '2019-12-10 16:38:14'),
(151, 42, 'NA', '2019-12-10 16:38:14'),
(151, 48, 'NA', '2019-12-10 16:38:14'),
(151, 49, 'EA', '2019-12-10 16:38:14'),
(152, 1, 'A', '2019-12-10 16:38:14'),
(152, 8, 'NA', '2019-12-10 16:38:14'),
(152, 17, 'EA', '2019-12-10 16:38:14'),
(152, 23, 'EA', '2019-12-10 16:38:14'),
(152, 24, 'A', '2019-12-10 16:38:14'),
(152, 31, 'A', '2019-12-10 16:38:14'),
(152, 36, 'NA', '2019-12-10 16:38:14'),
(152, 37, 'EA', '2019-12-10 16:38:14'),
(152, 38, 'A', '2019-12-10 16:38:14'),
(152, 41, 'A', '2019-12-10 16:38:14'),
(152, 42, 'A', '2019-12-10 16:38:14'),
(152, 48, 'NA', '2019-12-10 16:38:14'),
(152, 49, 'A', '2019-12-10 16:38:14'),
(153, 1, 'NA', '2019-12-10 16:38:14'),
(153, 8, 'A', '2019-12-10 16:38:14'),
(153, 17, 'A', '2019-12-10 16:38:14'),
(153, 23, 'A', '2019-12-10 16:38:14'),
(153, 24, 'A', '2019-12-10 16:38:14'),
(153, 31, 'NA', '2019-12-10 16:38:14'),
(153, 36, 'A', '2019-12-10 16:38:14'),
(153, 37, 'A', '2019-12-10 16:38:14'),
(153, 38, 'A', '2019-12-10 16:38:14'),
(153, 41, 'A', '2019-12-10 16:38:14'),
(153, 42, 'NA', '2019-12-10 16:38:14'),
(153, 48, 'A', '2019-12-10 16:38:14'),
(153, 49, 'NA', '2019-12-10 16:38:14'),
(154, 1, 'A', '2019-12-10 16:38:14'),
(154, 8, 'A', '2019-12-10 16:38:14'),
(154, 17, 'A', '2019-12-10 16:38:14'),
(154, 23, 'A', '2019-12-10 16:38:14'),
(154, 24, 'A', '2019-12-10 16:38:14'),
(154, 31, 'A', '2019-12-10 16:38:14'),
(154, 36, 'A', '2019-12-10 16:38:14'),
(154, 37, 'A', '2019-12-10 16:38:14'),
(154, 38, 'A', '2019-12-10 16:38:14'),
(154, 41, 'NA', '2019-12-10 16:38:14'),
(154, 42, 'A', '2019-12-10 16:38:14'),
(154, 48, 'A', '2019-12-10 16:38:14'),
(154, 49, 'A', '2019-12-10 16:38:14'),
(155, 1, 'A', '2019-12-10 16:38:14'),
(155, 8, 'EA', '2019-12-10 16:38:14'),
(155, 17, 'NA', '2019-12-10 16:38:15'),
(155, 23, 'A', '2019-12-10 16:38:15'),
(155, 24, 'EA', '2019-12-10 16:38:15'),
(155, 31, 'A', '2019-12-10 16:38:15'),
(155, 36, 'A', '2019-12-10 16:38:15'),
(155, 37, 'EA', '2019-12-10 16:38:15'),
(155, 38, 'A', '2019-12-10 16:38:15'),
(155, 41, 'EA', '2019-12-10 16:38:15'),
(155, 42, 'A', '2019-12-10 16:38:15'),
(155, 48, 'A', '2019-12-10 16:38:15'),
(155, 49, 'EA', '2019-12-10 16:38:15'),
(156, 1, 'NA', '2019-12-10 16:38:15'),
(156, 8, 'A', '2019-12-10 16:38:15'),
(156, 17, 'A', '2019-12-10 16:38:15'),
(156, 23, 'A', '2019-12-10 16:38:15'),
(156, 24, 'A', '2019-12-10 16:38:15'),
(156, 31, 'A', '2019-12-10 16:38:15'),
(156, 36, 'A', '2019-12-10 16:38:15'),
(156, 37, 'A', '2019-12-10 16:38:15'),
(156, 38, 'A', '2019-12-10 16:38:15'),
(156, 41, 'A', '2019-12-10 16:38:15'),
(156, 42, 'A', '2019-12-10 16:38:15'),
(156, 48, 'A', '2019-12-10 16:38:15'),
(156, 49, 'A', '2019-12-10 16:38:15'),
(157, 2, 'A', '2019-12-10 16:38:15'),
(157, 3, 'EA', '2019-12-10 16:38:15'),
(157, 4, 'NA', '2019-12-10 16:38:15'),
(157, 9, 'EA', '2019-12-10 16:38:15'),
(157, 10, 'A', '2019-12-10 16:38:15'),
(157, 18, 'A', '2019-12-10 16:38:15'),
(157, 19, 'A', '2019-12-10 16:38:15'),
(157, 20, 'A', '2019-12-10 16:38:15'),
(157, 25, 'A', '2019-12-10 16:38:15'),
(157, 26, 'NA', '2019-12-10 16:38:15'),
(157, 32, 'A', '2019-12-10 16:38:15'),
(157, 33, 'A', '2019-12-10 16:38:15'),
(157, 39, 'A', '2019-12-10 16:38:15'),
(157, 43, 'A', '2019-12-10 16:38:15'),
(157, 50, 'A', '2019-12-10 16:38:15'),
(157, 51, 'A', '2019-12-10 16:38:15'),
(158, 2, 'EA', '2019-12-10 16:38:15'),
(158, 3, 'A', '2019-12-10 16:38:15'),
(158, 4, 'EA', '2019-12-10 16:38:15'),
(158, 9, 'A', '2019-12-10 16:38:15'),
(158, 10, 'A', '2019-12-10 16:38:15'),
(158, 18, 'A', '2019-12-10 16:38:15'),
(158, 19, 'EA', '2019-12-10 16:38:15'),
(158, 20, 'NA', '2019-12-10 16:38:15'),
(158, 25, 'A', '2019-12-10 16:38:15'),
(158, 26, 'A', '2019-12-10 16:38:15'),
(158, 32, 'A', '2019-12-10 16:38:15'),
(158, 33, 'EA', '2019-12-10 16:38:15'),
(158, 39, 'A', '2019-12-10 16:38:15'),
(158, 43, 'A', '2019-12-10 16:38:15'),
(158, 50, 'A', '2019-12-10 16:38:15'),
(158, 51, 'A', '2019-12-10 16:38:15'),
(159, 2, 'A', '2019-12-10 16:38:15'),
(159, 3, 'A', '2019-12-10 16:38:15'),
(159, 4, 'EA', '2019-12-10 16:38:15'),
(159, 9, 'A', '2019-12-10 16:38:15'),
(159, 10, 'A', '2019-12-10 16:38:15'),
(159, 18, 'A', '2019-12-10 16:38:15'),
(159, 19, 'NA', '2019-12-10 16:38:15'),
(159, 20, 'NA', '2019-12-10 16:38:15'),
(159, 25, 'A', '2019-12-10 16:38:15'),
(159, 26, 'A', '2019-12-10 16:38:15'),
(159, 32, 'A', '2019-12-10 16:38:15'),
(159, 33, 'NA', '2019-12-10 16:38:15'),
(159, 39, 'A', '2019-12-10 16:38:15'),
(159, 43, 'NA', '2019-12-10 16:38:15'),
(159, 50, 'A', '2019-12-10 16:38:15'),
(159, 51, 'A', '2019-12-10 16:38:15'),
(160, 2, 'A', '2019-12-10 16:38:15'),
(160, 3, 'A', '2019-12-10 16:38:15'),
(160, 4, 'A', '2019-12-10 16:38:15'),
(160, 9, 'NA', '2019-12-10 16:38:15'),
(160, 10, 'A', '2019-12-10 16:38:15'),
(160, 18, 'A', '2019-12-10 16:38:15'),
(160, 19, 'A', '2019-12-10 16:38:15'),
(160, 20, 'NA', '2019-12-10 16:38:15'),
(160, 25, 'EA', '2019-12-10 16:38:15'),
(160, 26, 'A', '2019-12-10 16:38:15'),
(160, 32, 'NA', '2019-12-10 16:38:15'),
(160, 33, 'NA', '2019-12-10 16:38:15'),
(160, 39, 'A', '2019-12-10 16:38:15'),
(160, 43, 'A', '2019-12-10 16:38:15'),
(160, 50, 'NA', '2019-12-10 16:38:15'),
(160, 51, 'A', '2019-12-10 16:38:15'),
(161, 2, 'A', '2019-12-10 16:38:15'),
(161, 3, 'EA', '2019-12-10 16:38:15'),
(161, 4, 'A', '2019-12-10 16:38:15'),
(161, 9, 'EA', '2019-12-10 16:38:15'),
(161, 10, 'EA', '2019-12-10 16:38:15'),
(161, 18, 'A', '2019-12-10 16:38:15'),
(161, 19, 'NA', '2019-12-10 16:38:15'),
(161, 20, 'A', '2019-12-10 16:38:15'),
(161, 25, 'A', '2019-12-10 16:38:15'),
(161, 26, 'NA', '2019-12-10 16:38:15'),
(161, 32, 'A', '2019-12-10 16:38:15'),
(161, 33, 'A', '2019-12-10 16:38:15'),
(161, 39, 'A', '2019-12-10 16:38:15'),
(161, 43, 'EA', '2019-12-10 16:38:15'),
(161, 50, 'NA', '2019-12-10 16:38:15'),
(161, 51, 'A', '2019-12-10 16:38:15'),
(162, 2, 'A', '2019-12-10 16:38:15'),
(162, 3, 'NA', '2019-12-10 16:38:15'),
(162, 4, 'A', '2019-12-10 16:38:15'),
(162, 9, 'A', '2019-12-10 16:38:15'),
(162, 10, 'A', '2019-12-10 16:38:15'),
(162, 18, 'A', '2019-12-10 16:38:16'),
(162, 19, 'A', '2019-12-10 16:38:16'),
(162, 20, 'A', '2019-12-10 16:38:16'),
(162, 25, 'A', '2019-12-10 16:38:16'),
(162, 26, 'A', '2019-12-10 16:38:16'),
(162, 32, 'A', '2019-12-10 16:38:16'),
(162, 33, 'A', '2019-12-10 16:38:16'),
(162, 39, 'A', '2019-12-10 16:38:16'),
(162, 43, 'A', '2019-12-10 16:38:16'),
(162, 50, 'NA', '2019-12-10 16:38:16'),
(162, 51, 'A', '2019-12-10 16:38:16'),
(163, 2, 'A', '2019-12-10 16:38:16'),
(163, 3, 'A', '2019-12-10 16:38:16'),
(163, 4, 'A', '2019-12-10 16:38:16'),
(163, 9, 'A', '2019-12-10 16:38:16'),
(163, 10, 'A', '2019-12-10 16:38:16'),
(163, 18, 'EA', '2019-12-10 16:38:16'),
(163, 19, 'A', '2019-12-10 16:38:16'),
(163, 20, 'A', '2019-12-10 16:38:16'),
(163, 25, 'A', '2019-12-10 16:38:16'),
(163, 26, 'NA', '2019-12-10 16:38:16'),
(163, 32, 'A', '2019-12-10 16:38:16'),
(163, 33, 'A', '2019-12-10 16:38:16'),
(163, 39, 'A', '2019-12-10 16:38:16'),
(163, 43, 'A', '2019-12-10 16:38:16'),
(163, 50, 'A', '2019-12-10 16:38:16'),
(163, 51, 'NA', '2019-12-10 16:38:16'),
(164, 2, 'NA', '2019-12-10 16:38:16'),
(164, 3, 'NA', '2019-12-10 16:38:16'),
(164, 4, 'A', '2019-12-10 16:38:16'),
(164, 9, 'A', '2019-12-10 16:38:16'),
(164, 10, 'A', '2019-12-10 16:38:16'),
(164, 18, 'A', '2019-12-10 16:38:16'),
(164, 19, 'A', '2019-12-10 16:38:16'),
(164, 20, 'A', '2019-12-10 16:38:16'),
(164, 25, 'NA', '2019-12-10 16:38:16'),
(164, 26, 'A', '2019-12-10 16:38:16'),
(164, 32, 'EA', '2019-12-10 16:38:16'),
(164, 33, 'A', '2019-12-10 16:38:16'),
(164, 39, 'A', '2019-12-10 16:38:16'),
(164, 43, 'A', '2019-12-10 16:38:16'),
(164, 50, 'A', '2019-12-10 16:38:16'),
(164, 51, 'A', '2019-12-10 16:38:16'),
(165, 2, 'NA', '2019-12-10 16:38:16'),
(165, 3, 'A', '2019-12-10 16:38:16'),
(165, 4, 'A', '2019-12-10 16:38:16'),
(165, 9, 'NA', '2019-12-10 16:38:16'),
(165, 10, 'EA', '2019-12-10 16:38:16'),
(165, 18, 'A', '2019-12-10 16:38:16'),
(165, 19, 'A', '2019-12-10 16:38:16'),
(165, 20, 'A', '2019-12-10 16:38:16'),
(165, 25, 'A', '2019-12-10 16:38:16'),
(165, 26, 'A', '2019-12-10 16:38:16'),
(165, 32, 'EA', '2019-12-10 16:38:16'),
(165, 33, 'A', '2019-12-10 16:38:16'),
(165, 39, 'A', '2019-12-10 16:38:16'),
(165, 43, 'A', '2019-12-10 16:38:16'),
(165, 50, 'A', '2019-12-10 16:38:16'),
(165, 51, 'NA', '2019-12-10 16:38:16'),
(166, 2, 'A', '2019-12-10 16:38:16'),
(166, 3, 'NA', '2019-12-10 16:38:16'),
(166, 4, 'EA', '2019-12-10 16:38:16'),
(166, 9, 'A', '2019-12-10 16:38:16'),
(166, 10, 'NA', '2019-12-10 16:38:16'),
(166, 18, 'NA', '2019-12-10 16:38:16'),
(166, 19, 'A', '2019-12-10 16:38:16'),
(166, 20, 'A', '2019-12-10 16:38:16'),
(166, 25, 'NA', '2019-12-10 16:38:16'),
(166, 26, 'NA', '2019-12-10 16:38:16'),
(166, 32, 'A', '2019-12-10 16:38:16'),
(166, 33, 'A', '2019-12-10 16:38:16'),
(166, 39, 'A', '2019-12-10 16:38:16'),
(166, 43, 'A', '2019-12-10 16:38:16'),
(166, 50, 'A', '2019-12-10 16:38:16'),
(166, 51, 'NA', '2019-12-10 16:38:16'),
(167, 2, 'NA', '2019-12-10 16:38:16'),
(167, 3, 'A', '2019-12-10 16:38:16'),
(167, 4, 'A', '2019-12-10 16:38:16'),
(167, 9, 'A', '2019-12-10 16:38:16'),
(167, 10, 'NA', '2019-12-10 16:38:16'),
(167, 18, 'EA', '2019-12-10 16:38:16'),
(167, 19, 'A', '2019-12-10 16:38:16'),
(167, 20, 'A', '2019-12-10 16:38:16'),
(167, 25, 'NA', '2019-12-10 16:38:16'),
(167, 26, 'A', '2019-12-10 16:38:16'),
(167, 32, 'A', '2019-12-10 16:38:16'),
(167, 33, 'A', '2019-12-10 16:38:16'),
(167, 39, 'NA', '2019-12-10 16:38:16'),
(167, 43, 'A', '2019-12-10 16:38:16'),
(167, 50, 'A', '2019-12-10 16:38:16'),
(167, 51, 'A', '2019-12-10 16:38:16'),
(168, 2, 'A', '2019-12-10 16:38:16'),
(168, 3, 'A', '2019-12-10 16:38:16'),
(168, 4, 'A', '2019-12-10 16:38:16'),
(168, 9, 'NA', '2019-12-10 16:38:16'),
(168, 10, 'EA', '2019-12-10 16:38:16'),
(168, 18, 'A', '2019-12-10 16:38:17'),
(168, 19, 'A', '2019-12-10 16:38:17'),
(168, 20, 'A', '2019-12-10 16:38:17'),
(168, 25, 'A', '2019-12-10 16:38:17'),
(168, 26, 'A', '2019-12-10 16:38:17'),
(168, 32, 'A', '2019-12-10 16:38:17'),
(168, 33, 'EA', '2019-12-10 16:38:17'),
(168, 39, 'A', '2019-12-10 16:38:17'),
(168, 43, 'A', '2019-12-10 16:38:17'),
(168, 50, 'A', '2019-12-10 16:38:17'),
(168, 51, 'NA', '2019-12-10 16:38:17'),
(169, 2, 'EA', '2019-12-10 16:38:17'),
(169, 3, 'A', '2019-12-10 16:38:17'),
(169, 4, 'A', '2019-12-10 16:38:17'),
(169, 9, 'A', '2019-12-10 16:38:17'),
(169, 10, 'NA', '2019-12-10 16:38:17'),
(169, 18, 'A', '2019-12-10 16:38:17'),
(169, 19, 'A', '2019-12-10 16:38:17'),
(169, 20, 'A', '2019-12-10 16:38:17'),
(169, 25, 'A', '2019-12-10 16:38:17'),
(169, 26, 'A', '2019-12-10 16:38:17'),
(169, 32, 'A', '2019-12-10 16:38:17'),
(169, 33, 'EA', '2019-12-10 16:38:17'),
(169, 39, 'A', '2019-12-10 16:38:17'),
(169, 43, 'A', '2019-12-10 16:38:17'),
(169, 50, 'A', '2019-12-10 16:38:17'),
(169, 51, 'A', '2019-12-10 16:38:17'),
(170, 2, 'A', '2019-12-10 16:38:17'),
(170, 3, 'A', '2019-12-10 16:38:17'),
(170, 4, 'A', '2019-12-10 16:38:17'),
(170, 9, 'A', '2019-12-10 16:38:17'),
(170, 10, 'EA', '2019-12-10 16:38:17'),
(170, 18, 'A', '2019-12-10 16:38:17'),
(170, 19, 'EA', '2019-12-10 16:38:17'),
(170, 20, 'A', '2019-12-10 16:38:17'),
(170, 25, 'A', '2019-12-10 16:38:17'),
(170, 26, 'A', '2019-12-10 16:38:17'),
(170, 32, 'A', '2019-12-10 16:38:17'),
(170, 33, 'A', '2019-12-10 16:38:17'),
(170, 39, 'A', '2019-12-10 16:38:17'),
(170, 43, 'A', '2019-12-10 16:38:17'),
(170, 50, 'A', '2019-12-10 16:38:17'),
(170, 51, 'A', '2019-12-10 16:38:17'),
(171, 2, 'NA', '2019-12-10 16:38:17'),
(171, 3, 'A', '2019-12-10 16:38:17'),
(171, 4, 'A', '2019-12-10 16:38:17'),
(171, 9, 'A', '2019-12-10 16:38:17'),
(171, 10, 'A', '2019-12-10 16:38:17'),
(171, 18, 'A', '2019-12-10 16:38:17'),
(171, 19, 'EA', '2019-12-10 16:38:17'),
(171, 20, 'A', '2019-12-10 16:38:17'),
(171, 25, 'EA', '2019-12-10 16:38:17'),
(171, 26, 'A', '2019-12-10 16:38:17'),
(171, 32, 'A', '2019-12-10 16:38:17'),
(171, 33, 'A', '2019-12-10 16:38:17'),
(171, 39, 'NA', '2019-12-10 16:38:17'),
(171, 43, 'A', '2019-12-10 16:38:17'),
(171, 50, 'A', '2019-12-10 16:38:17'),
(171, 51, 'A', '2019-12-10 16:38:17'),
(172, 2, 'EA', '2019-12-10 16:38:17'),
(172, 3, 'A', '2019-12-10 16:38:17'),
(172, 4, 'A', '2019-12-10 16:38:17'),
(172, 9, 'A', '2019-12-10 16:38:17'),
(172, 10, 'A', '2019-12-10 16:38:17'),
(172, 18, 'A', '2019-12-10 16:38:17'),
(172, 19, 'A', '2019-12-10 16:38:17'),
(172, 20, 'A', '2019-12-10 16:38:17'),
(172, 25, 'EA', '2019-12-10 16:38:17'),
(172, 26, 'NA', '2019-12-10 16:38:17'),
(172, 32, 'A', '2019-12-10 16:38:17'),
(172, 33, 'A', '2019-12-10 16:38:17'),
(172, 39, 'A', '2019-12-10 16:38:17'),
(172, 43, 'NA', '2019-12-10 16:38:17'),
(172, 50, 'NA', '2019-12-10 16:38:17'),
(172, 51, 'EA', '2019-12-10 16:38:17'),
(173, 2, 'A', '2019-12-10 16:38:17'),
(173, 3, 'NA', '2019-12-10 16:38:17'),
(173, 4, 'A', '2019-12-10 16:38:17'),
(173, 9, 'A', '2019-12-10 16:38:17'),
(173, 10, 'NA', '2019-12-10 16:38:17'),
(173, 18, 'A', '2019-12-10 16:38:17'),
(173, 19, 'NA', '2019-12-10 16:38:17'),
(173, 20, 'A', '2019-12-10 16:38:17'),
(173, 25, 'EA', '2019-12-10 16:38:17'),
(173, 26, 'A', '2019-12-10 16:38:17'),
(173, 32, 'A', '2019-12-10 16:38:17'),
(173, 33, 'A', '2019-12-10 16:38:17'),
(173, 39, 'A', '2019-12-10 16:38:17'),
(173, 43, 'A', '2019-12-10 16:38:17'),
(173, 50, 'A', '2019-12-10 16:38:17'),
(173, 51, 'NA', '2019-12-10 16:38:17'),
(174, 2, 'EA', '2019-12-10 16:38:17'),
(174, 3, 'A', '2019-12-10 16:38:17'),
(174, 4, 'A', '2019-12-10 16:38:17'),
(174, 9, 'A', '2019-12-10 16:38:17'),
(174, 10, 'A', '2019-12-10 16:38:17'),
(174, 18, 'A', '2019-12-10 16:38:17'),
(174, 19, 'A', '2019-12-10 16:38:17'),
(174, 20, 'NA', '2019-12-10 16:38:17'),
(174, 25, 'A', '2019-12-10 16:38:17'),
(174, 26, 'A', '2019-12-10 16:38:17'),
(174, 32, 'A', '2019-12-10 16:38:17'),
(174, 33, 'A', '2019-12-10 16:38:17'),
(174, 39, 'A', '2019-12-10 16:38:17'),
(174, 43, 'A', '2019-12-10 16:38:17'),
(174, 50, 'A', '2019-12-10 16:38:17'),
(174, 51, 'A', '2019-12-10 16:38:17'),
(175, 2, 'NA', '2019-12-10 16:38:17'),
(175, 3, 'EA', '2019-12-10 16:38:17'),
(175, 4, 'A', '2019-12-10 16:38:17'),
(175, 9, 'A', '2019-12-10 16:38:17'),
(175, 10, 'A', '2019-12-10 16:38:17'),
(175, 18, 'A', '2019-12-10 16:38:17'),
(175, 19, 'A', '2019-12-10 16:38:17'),
(175, 20, 'EA', '2019-12-10 16:38:17'),
(175, 25, 'A', '2019-12-10 16:38:17'),
(175, 26, 'NA', '2019-12-10 16:38:17'),
(175, 32, 'A', '2019-12-10 16:38:17'),
(175, 33, 'A', '2019-12-10 16:38:17'),
(175, 39, 'NA', '2019-12-10 16:38:17'),
(175, 43, 'A', '2019-12-10 16:38:17'),
(175, 50, 'A', '2019-12-10 16:38:18'),
(175, 51, 'EA', '2019-12-10 16:38:18'),
(176, 2, 'EA', '2019-12-10 16:38:18'),
(176, 3, 'A', '2019-12-10 16:38:18'),
(176, 4, 'A', '2019-12-10 16:38:18'),
(176, 9, 'A', '2019-12-10 16:38:18'),
(176, 10, 'EA', '2019-12-10 16:38:18'),
(176, 18, 'NA', '2019-12-10 16:38:18'),
(176, 19, 'NA', '2019-12-10 16:38:18'),
(176, 20, 'A', '2019-12-10 16:38:18'),
(176, 25, 'A', '2019-12-10 16:38:18'),
(176, 26, 'A', '2019-12-10 16:38:18'),
(176, 32, 'A', '2019-12-10 16:38:18'),
(176, 33, 'A', '2019-12-10 16:38:18'),
(176, 39, 'NA', '2019-12-10 16:38:18'),
(176, 43, 'EA', '2019-12-10 16:38:18'),
(176, 50, 'NA', '2019-12-10 16:38:18'),
(176, 51, 'NA', '2019-12-10 16:38:18'),
(177, 2, 'A', '2019-12-10 16:38:18'),
(177, 3, 'A', '2019-12-10 16:38:18'),
(177, 4, 'NA', '2019-12-10 16:38:18'),
(177, 9, 'A', '2019-12-10 16:38:18'),
(177, 10, 'A', '2019-12-10 16:38:18'),
(177, 18, 'NA', '2019-12-10 16:38:18'),
(177, 19, 'A', '2019-12-10 16:38:18'),
(177, 20, 'A', '2019-12-10 16:38:18'),
(177, 25, 'A', '2019-12-10 16:38:18'),
(177, 26, 'A', '2019-12-10 16:38:18'),
(177, 32, 'A', '2019-12-10 16:38:18'),
(177, 33, 'A', '2019-12-10 16:38:18'),
(177, 39, 'A', '2019-12-10 16:38:18'),
(177, 43, 'A', '2019-12-10 16:38:18'),
(177, 50, 'A', '2019-12-10 16:38:18'),
(177, 51, 'NA', '2019-12-10 16:38:18'),
(178, 2, 'A', '2019-12-10 16:38:18'),
(178, 3, 'A', '2019-12-10 16:38:18'),
(178, 4, 'EA', '2019-12-10 16:38:18'),
(178, 9, 'EA', '2019-12-10 16:38:18'),
(178, 10, 'A', '2019-12-10 16:38:18'),
(178, 18, 'A', '2019-12-10 16:38:18'),
(178, 19, 'A', '2019-12-10 16:38:18'),
(178, 20, 'A', '2019-12-10 16:38:18'),
(178, 25, 'NA', '2019-12-10 16:38:18'),
(178, 26, 'A', '2019-12-10 16:38:18'),
(178, 32, 'A', '2019-12-10 16:38:18'),
(178, 33, 'A', '2019-12-10 16:38:18'),
(178, 39, 'A', '2019-12-10 16:38:18'),
(178, 43, 'A', '2019-12-10 16:38:18'),
(178, 50, 'NA', '2019-12-10 16:38:18'),
(178, 51, 'A', '2019-12-10 16:38:18'),
(179, 2, 'A', '2019-12-10 16:38:18'),
(179, 3, 'A', '2019-12-10 16:38:18'),
(179, 4, 'A', '2019-12-10 16:38:18'),
(179, 9, 'A', '2019-12-10 16:38:18'),
(179, 10, 'A', '2019-12-10 16:38:18'),
(179, 18, 'A', '2019-12-10 16:38:18'),
(179, 19, 'A', '2019-12-10 16:38:18'),
(179, 20, 'A', '2019-12-10 16:38:18'),
(179, 25, 'NA', '2019-12-10 16:38:18'),
(179, 26, 'EA', '2019-12-10 16:38:18'),
(179, 32, 'A', '2019-12-10 16:38:18'),
(179, 33, 'A', '2019-12-10 16:38:18'),
(179, 39, 'A', '2019-12-10 16:38:18'),
(179, 43, 'A', '2019-12-10 16:38:18'),
(179, 50, 'A', '2019-12-10 16:38:18'),
(179, 51, 'A', '2019-12-10 16:38:18'),
(180, 2, 'A', '2019-12-10 16:38:18'),
(180, 3, 'A', '2019-12-10 16:38:18'),
(180, 4, 'A', '2019-12-10 16:38:18'),
(180, 9, 'A', '2019-12-10 16:38:18'),
(180, 10, 'A', '2019-12-10 16:38:18'),
(180, 18, 'EA', '2019-12-10 16:38:18'),
(180, 19, 'A', '2019-12-10 16:38:18'),
(180, 20, 'A', '2019-12-10 16:38:18'),
(180, 25, 'A', '2019-12-10 16:38:18'),
(180, 26, 'A', '2019-12-10 16:38:18'),
(180, 32, 'NA', '2019-12-10 16:38:18'),
(180, 33, 'A', '2019-12-10 16:38:18'),
(180, 39, 'EA', '2019-12-10 16:38:18'),
(180, 43, 'A', '2019-12-10 16:38:18'),
(180, 50, 'A', '2019-12-10 16:38:18'),
(180, 51, 'A', '2019-12-10 16:38:18'),
(181, 2, 'A', '2019-12-10 16:38:18'),
(181, 3, 'A', '2019-12-10 16:38:18'),
(181, 4, 'A', '2019-12-10 16:38:18'),
(181, 9, 'EA', '2019-12-10 16:38:18'),
(181, 10, 'NA', '2019-12-10 16:38:18'),
(181, 18, 'EA', '2019-12-10 16:38:18'),
(181, 19, 'A', '2019-12-10 16:38:18'),
(181, 20, 'A', '2019-12-10 16:38:18'),
(181, 25, 'NA', '2019-12-10 16:38:18'),
(181, 26, 'A', '2019-12-10 16:38:18'),
(181, 32, 'A', '2019-12-10 16:38:18'),
(181, 33, 'A', '2019-12-10 16:38:18'),
(181, 39, 'A', '2019-12-10 16:38:18'),
(181, 43, 'A', '2019-12-10 16:38:18'),
(181, 50, 'A', '2019-12-10 16:38:18'),
(181, 51, 'NA', '2019-12-10 16:38:18'),
(182, 2, 'EA', '2019-12-10 16:38:18'),
(182, 3, 'NA', '2019-12-10 16:38:18'),
(182, 4, 'A', '2019-12-10 16:38:18'),
(182, 9, 'NA', '2019-12-10 16:38:18'),
(182, 10, 'A', '2019-12-10 16:38:18'),
(182, 18, 'EA', '2019-12-10 16:38:18'),
(182, 19, 'A', '2019-12-10 16:38:19'),
(182, 20, 'A', '2019-12-10 16:38:19'),
(182, 25, 'A', '2019-12-10 16:38:19'),
(182, 26, 'A', '2019-12-10 16:38:19'),
(182, 32, 'A', '2019-12-10 16:38:19'),
(182, 33, 'A', '2019-12-10 16:38:19'),
(182, 39, 'NA', '2019-12-10 16:38:19'),
(182, 43, 'A', '2019-12-10 16:38:19'),
(182, 50, 'A', '2019-12-10 16:38:19'),
(182, 51, 'A', '2019-12-10 16:38:19'),
(183, 2, 'A', '2019-12-10 16:38:19'),
(183, 3, 'A', '2019-12-10 16:38:19'),
(183, 4, 'A', '2019-12-10 16:38:19'),
(183, 9, 'A', '2019-12-10 16:38:19'),
(183, 10, 'A', '2019-12-10 16:38:19'),
(183, 18, 'A', '2019-12-10 16:38:19'),
(183, 19, 'EA', '2019-12-10 16:38:19'),
(183, 20, 'A', '2019-12-10 16:38:19'),
(183, 25, 'A', '2019-12-10 16:38:19'),
(183, 26, 'NA', '2019-12-10 16:38:19'),
(183, 32, 'NA', '2019-12-10 16:38:19'),
(183, 33, 'A', '2019-12-10 16:38:19'),
(183, 39, 'A', '2019-12-10 16:38:19'),
(183, 43, 'A', '2019-12-10 16:38:19'),
(183, 50, 'NA', '2019-12-10 16:38:19'),
(183, 51, 'EA', '2019-12-10 16:38:19'),
(184, 2, 'A', '2019-12-10 16:38:19'),
(184, 3, 'A', '2019-12-10 16:38:19'),
(184, 4, 'A', '2019-12-10 16:38:19'),
(184, 9, 'A', '2019-12-10 16:38:19'),
(184, 10, 'A', '2019-12-10 16:38:19'),
(184, 18, 'A', '2019-12-10 16:38:19'),
(184, 19, 'NA', '2019-12-10 16:38:19'),
(184, 20, 'A', '2019-12-10 16:38:19'),
(184, 25, 'A', '2019-12-10 16:38:19'),
(184, 26, 'A', '2019-12-10 16:38:19'),
(184, 32, 'A', '2019-12-10 16:38:19'),
(184, 33, 'A', '2019-12-10 16:38:19'),
(184, 39, 'NA', '2019-12-10 16:38:19'),
(184, 43, 'A', '2019-12-10 16:38:19'),
(184, 50, 'A', '2019-12-10 16:38:19'),
(184, 51, 'A', '2019-12-10 16:38:19'),
(185, 2, 'A', '2019-12-10 16:38:19'),
(185, 3, 'NA', '2019-12-10 16:38:19'),
(185, 4, 'A', '2019-12-10 16:38:19'),
(185, 9, 'EA', '2019-12-10 16:38:19'),
(185, 10, 'A', '2019-12-10 16:38:19'),
(185, 18, 'EA', '2019-12-10 16:38:19'),
(185, 19, 'EA', '2019-12-10 16:38:19'),
(185, 20, 'A', '2019-12-10 16:38:19'),
(185, 25, 'A', '2019-12-10 16:38:19'),
(185, 26, 'A', '2019-12-10 16:38:19'),
(185, 32, 'A', '2019-12-10 16:38:19'),
(185, 33, 'A', '2019-12-10 16:38:19'),
(185, 39, 'A', '2019-12-10 16:38:19'),
(185, 43, 'A', '2019-12-10 16:38:19'),
(185, 50, 'A', '2019-12-10 16:38:19'),
(185, 51, 'NA', '2019-12-10 16:38:19'),
(186, 2, 'EA', '2019-12-10 16:38:19'),
(186, 3, 'A', '2019-12-10 16:38:19'),
(186, 4, 'A', '2019-12-10 16:38:19'),
(186, 9, 'NA', '2019-12-10 16:38:19'),
(186, 10, 'A', '2019-12-10 16:38:19'),
(186, 18, 'NA', '2019-12-10 16:38:19'),
(186, 19, 'A', '2019-12-10 16:38:19'),
(186, 20, 'A', '2019-12-10 16:38:19'),
(186, 25, 'NA', '2019-12-10 16:38:19'),
(186, 26, 'A', '2019-12-10 16:38:19'),
(186, 32, 'A', '2019-12-10 16:38:19'),
(186, 33, 'A', '2019-12-10 16:38:19'),
(186, 39, 'NA', '2019-12-10 16:38:19'),
(186, 43, 'A', '2019-12-10 16:38:19'),
(186, 50, 'A', '2019-12-10 16:38:19'),
(186, 51, 'NA', '2019-12-10 16:38:19'),
(187, 2, 'A', '2019-12-10 16:38:19'),
(187, 3, 'A', '2019-12-10 16:38:19'),
(187, 4, 'A', '2019-12-10 16:38:19'),
(187, 9, 'A', '2019-12-10 16:38:19'),
(187, 10, 'A', '2019-12-10 16:38:19'),
(187, 18, 'NA', '2019-12-10 16:38:19'),
(187, 19, 'A', '2019-12-10 16:38:19'),
(187, 20, 'NA', '2019-12-10 16:38:19'),
(187, 25, 'A', '2019-12-10 16:38:19'),
(187, 26, 'A', '2019-12-10 16:38:19'),
(187, 32, 'A', '2019-12-10 16:38:19'),
(187, 33, 'A', '2019-12-10 16:38:19'),
(187, 39, 'A', '2019-12-10 16:38:19'),
(187, 43, 'EA', '2019-12-10 16:38:19'),
(187, 50, 'A', '2019-12-10 16:38:19'),
(187, 51, 'A', '2019-12-10 16:38:19'),
(188, 2, 'A', '2019-12-10 16:38:19'),
(188, 3, 'NA', '2019-12-10 16:38:19'),
(188, 4, 'A', '2019-12-10 16:38:19'),
(188, 9, 'A', '2019-12-10 16:38:19'),
(188, 10, 'NA', '2019-12-10 16:38:19'),
(188, 18, 'A', '2019-12-10 16:38:19'),
(188, 19, 'EA', '2019-12-10 16:38:19'),
(188, 20, 'NA', '2019-12-10 16:38:19'),
(188, 25, 'NA', '2019-12-10 16:38:19'),
(188, 26, 'A', '2019-12-10 16:38:19'),
(188, 32, 'NA', '2019-12-10 16:38:19'),
(188, 33, 'A', '2019-12-10 16:38:19'),
(188, 39, 'A', '2019-12-10 16:38:19'),
(188, 43, 'A', '2019-12-10 16:38:19'),
(188, 50, 'NA', '2019-12-10 16:38:19'),
(188, 51, 'A', '2019-12-10 16:38:19'),
(189, 2, 'A', '2019-12-10 16:38:19'),
(189, 3, 'A', '2019-12-10 16:38:19'),
(189, 4, 'A', '2019-12-10 16:38:19'),
(189, 9, 'A', '2019-12-10 16:38:19'),
(189, 10, 'EA', '2019-12-10 16:38:19'),
(189, 18, 'A', '2019-12-10 16:38:19'),
(189, 19, 'NA', '2019-12-10 16:38:19'),
(189, 20, 'A', '2019-12-10 16:38:19'),
(189, 25, 'NA', '2019-12-10 16:38:19'),
(189, 26, 'A', '2019-12-10 16:38:19'),
(189, 32, 'NA', '2019-12-10 16:38:19'),
(189, 33, 'NA', '2019-12-10 16:38:19'),
(189, 39, 'EA', '2019-12-10 16:38:19'),
(189, 43, 'A', '2019-12-10 16:38:19'),
(189, 50, 'A', '2019-12-10 16:38:19'),
(189, 51, 'A', '2019-12-10 16:38:19'),
(190, 2, 'A', '2019-12-10 16:38:20'),
(190, 3, 'NA', '2019-12-10 16:38:20'),
(190, 4, 'A', '2019-12-10 16:38:20'),
(190, 9, 'A', '2019-12-10 16:38:20'),
(190, 10, 'A', '2019-12-10 16:38:20'),
(190, 18, 'A', '2019-12-10 16:38:20'),
(190, 19, 'EA', '2019-12-10 16:38:20'),
(190, 20, 'A', '2019-12-10 16:38:20'),
(190, 25, 'NA', '2019-12-10 16:38:20'),
(190, 26, 'NA', '2019-12-10 16:38:20'),
(190, 32, 'A', '2019-12-10 16:38:20'),
(190, 33, 'A', '2019-12-10 16:38:20'),
(190, 39, 'NA', '2019-12-10 16:38:20'),
(190, 43, 'NA', '2019-12-10 16:38:20'),
(190, 50, 'NA', '2019-12-10 16:38:20'),
(190, 51, 'A', '2019-12-10 16:38:20'),
(191, 2, 'A', '2019-12-10 16:38:20'),
(191, 3, 'A', '2019-12-10 16:38:20'),
(191, 4, 'A', '2019-12-10 16:38:20'),
(191, 9, 'EA', '2019-12-10 16:38:20'),
(191, 10, 'NA', '2019-12-10 16:38:20'),
(191, 18, 'NA', '2019-12-10 16:38:20'),
(191, 19, 'EA', '2019-12-10 16:38:20'),
(191, 20, 'A', '2019-12-10 16:38:20'),
(191, 25, 'NA', '2019-12-10 16:38:20'),
(191, 26, 'A', '2019-12-10 16:38:20'),
(191, 32, 'A', '2019-12-10 16:38:20'),
(191, 33, 'A', '2019-12-10 16:38:20'),
(191, 39, 'A', '2019-12-10 16:38:20'),
(191, 43, 'A', '2019-12-10 16:38:20'),
(191, 50, 'A', '2019-12-10 16:38:20'),
(191, 51, 'A', '2019-12-10 16:38:20'),
(192, 2, 'NA', '2019-12-10 16:38:20'),
(192, 3, 'EA', '2019-12-10 16:38:20'),
(192, 4, 'A', '2019-12-10 16:38:20'),
(192, 9, 'A', '2019-12-10 16:38:20'),
(192, 10, 'NA', '2019-12-10 16:38:20'),
(192, 18, 'NA', '2019-12-10 16:38:20'),
(192, 19, 'EA', '2019-12-10 16:38:20'),
(192, 20, 'A', '2019-12-10 16:38:20'),
(192, 25, 'A', '2019-12-10 16:38:20'),
(192, 26, 'A', '2019-12-10 16:38:20'),
(192, 32, 'NA', '2019-12-10 16:38:20'),
(192, 33, 'A', '2019-12-10 16:38:20'),
(192, 39, 'A', '2019-12-10 16:38:20'),
(192, 43, 'A', '2019-12-10 16:38:20'),
(192, 50, 'A', '2019-12-10 16:38:20'),
(192, 51, 'A', '2019-12-10 16:38:20'),
(193, 2, 'EA', '2019-12-10 16:38:20'),
(193, 3, 'A', '2019-12-10 16:38:20'),
(193, 4, 'NA', '2019-12-10 16:38:20'),
(193, 9, 'A', '2019-12-10 16:38:20'),
(193, 10, 'A', '2019-12-10 16:38:20'),
(193, 18, 'NA', '2019-12-10 16:38:20'),
(193, 19, 'A', '2019-12-10 16:38:20'),
(193, 20, 'EA', '2019-12-10 16:38:20'),
(193, 25, 'A', '2019-12-10 16:38:20'),
(193, 26, 'EA', '2019-12-10 16:38:20'),
(193, 32, 'A', '2019-12-10 16:38:20'),
(193, 33, 'EA', '2019-12-10 16:38:20'),
(193, 39, 'A', '2019-12-10 16:38:20'),
(193, 43, 'EA', '2019-12-10 16:38:20'),
(193, 50, 'A', '2019-12-10 16:38:20'),
(193, 51, 'A', '2019-12-10 16:38:20'),
(194, 2, 'EA', '2019-12-10 16:38:20'),
(194, 3, 'NA', '2019-12-10 16:38:20'),
(194, 4, 'A', '2019-12-10 16:38:20'),
(194, 9, 'A', '2019-12-10 16:38:20'),
(194, 10, 'A', '2019-12-10 16:38:20'),
(194, 18, 'EA', '2019-12-10 16:38:20'),
(194, 19, 'A', '2019-12-10 16:38:20'),
(194, 20, 'A', '2019-12-10 16:38:20'),
(194, 25, 'A', '2019-12-10 16:38:20'),
(194, 26, 'A', '2019-12-10 16:38:20'),
(194, 32, 'A', '2019-12-10 16:38:20'),
(194, 33, 'A', '2019-12-10 16:38:20'),
(194, 39, 'A', '2019-12-10 16:38:20'),
(194, 43, 'NA', '2019-12-10 16:38:20'),
(194, 50, 'A', '2019-12-10 16:38:20'),
(194, 51, 'A', '2019-12-10 16:38:20'),
(195, 2, 'A', '2019-12-10 16:38:20'),
(195, 3, 'A', '2019-12-10 16:38:20'),
(195, 4, 'A', '2019-12-10 16:38:20'),
(195, 9, 'EA', '2019-12-10 16:38:20'),
(195, 10, 'EA', '2019-12-10 16:38:20'),
(195, 18, 'A', '2019-12-10 16:38:20'),
(195, 19, 'NA', '2019-12-10 16:38:20'),
(195, 20, 'A', '2019-12-10 16:38:20'),
(195, 25, 'A', '2019-12-10 16:38:20'),
(195, 26, 'A', '2019-12-10 16:38:20'),
(195, 32, 'A', '2019-12-10 16:38:20'),
(195, 33, 'A', '2019-12-10 16:38:20'),
(195, 39, 'A', '2019-12-10 16:38:21'),
(195, 43, 'A', '2019-12-10 16:38:21'),
(195, 50, 'NA', '2019-12-10 16:38:21'),
(195, 51, 'A', '2019-12-10 16:38:21'),
(196, 2, 'NA', '2019-12-10 16:38:21'),
(196, 3, 'EA', '2019-12-10 16:38:21'),
(196, 4, 'A', '2019-12-10 16:38:21'),
(196, 9, 'A', '2019-12-10 16:38:21'),
(196, 10, 'EA', '2019-12-10 16:38:21'),
(196, 18, 'A', '2019-12-10 16:38:21'),
(196, 19, 'A', '2019-12-10 16:38:21'),
(196, 20, 'NA', '2019-12-10 16:38:21');
INSERT INTO `resultat` (`etudiant`, `apprentissage`, `notation`, `created_at`) VALUES
(196, 25, 'A', '2019-12-10 16:38:21'),
(196, 26, 'A', '2019-12-10 16:38:21'),
(196, 32, 'A', '2019-12-10 16:38:21'),
(196, 33, 'A', '2019-12-10 16:38:21'),
(196, 39, 'A', '2019-12-10 16:38:21'),
(196, 43, 'A', '2019-12-10 16:38:21'),
(196, 50, 'EA', '2019-12-10 16:38:21'),
(196, 51, 'A', '2019-12-10 16:38:21'),
(197, 2, 'A', '2019-12-10 16:38:21'),
(197, 3, 'A', '2019-12-10 16:38:21'),
(197, 4, 'A', '2019-12-10 16:38:21'),
(197, 9, 'A', '2019-12-10 16:38:21'),
(197, 10, 'A', '2019-12-10 16:38:21'),
(197, 18, 'A', '2019-12-10 16:38:21'),
(197, 19, 'A', '2019-12-10 16:38:21'),
(197, 20, 'A', '2019-12-10 16:38:21'),
(197, 25, 'NA', '2019-12-10 16:38:21'),
(197, 26, 'A', '2019-12-10 16:38:21'),
(197, 32, 'EA', '2019-12-10 16:38:21'),
(197, 33, 'EA', '2019-12-10 16:38:21'),
(197, 39, 'A', '2019-12-10 16:38:21'),
(197, 43, 'EA', '2019-12-10 16:38:21'),
(197, 50, 'A', '2019-12-10 16:38:21'),
(197, 51, 'EA', '2019-12-10 16:38:21'),
(198, 2, 'EA', '2019-12-10 16:38:21'),
(198, 3, 'A', '2019-12-10 16:38:21'),
(198, 4, 'A', '2019-12-10 16:38:21'),
(198, 9, 'NA', '2019-12-10 16:38:21'),
(198, 10, 'EA', '2019-12-10 16:38:21'),
(198, 18, 'EA', '2019-12-10 16:38:21'),
(198, 19, 'A', '2019-12-10 16:38:21'),
(198, 20, 'EA', '2019-12-10 16:38:21'),
(198, 25, 'A', '2019-12-10 16:38:21'),
(198, 26, 'A', '2019-12-10 16:38:21'),
(198, 32, 'A', '2019-12-10 16:38:21'),
(198, 33, 'EA', '2019-12-10 16:38:21'),
(198, 39, 'A', '2019-12-10 16:38:21'),
(198, 43, 'A', '2019-12-10 16:38:21'),
(198, 50, 'A', '2019-12-10 16:38:21'),
(198, 51, 'NA', '2019-12-10 16:38:21'),
(199, 2, 'A', '2019-12-10 16:38:21'),
(199, 3, 'A', '2019-12-10 16:38:21'),
(199, 4, 'A', '2019-12-10 16:38:21'),
(199, 9, 'NA', '2019-12-10 16:38:21'),
(199, 10, 'A', '2019-12-10 16:38:21'),
(199, 18, 'A', '2019-12-10 16:38:21'),
(199, 19, 'A', '2019-12-10 16:38:21'),
(199, 20, 'A', '2019-12-10 16:38:21'),
(199, 25, 'A', '2019-12-10 16:38:21'),
(199, 26, 'A', '2019-12-10 16:38:21'),
(199, 32, 'NA', '2019-12-10 16:38:21'),
(199, 33, 'A', '2019-12-10 16:38:21'),
(199, 39, 'A', '2019-12-10 16:38:21'),
(199, 43, 'NA', '2019-12-10 16:38:21'),
(199, 50, 'NA', '2019-12-10 16:38:21'),
(199, 51, 'A', '2019-12-10 16:38:21'),
(200, 2, 'NA', '2019-12-10 16:38:21'),
(200, 3, 'NA', '2019-12-10 16:38:21'),
(200, 4, 'A', '2019-12-10 16:38:21'),
(200, 9, 'A', '2019-12-10 16:38:21'),
(200, 10, 'A', '2019-12-10 16:38:21'),
(200, 18, 'A', '2019-12-10 16:38:21'),
(200, 19, 'A', '2019-12-10 16:38:21'),
(200, 20, 'A', '2019-12-10 16:38:21'),
(200, 25, 'A', '2019-12-10 16:38:21'),
(200, 26, 'EA', '2019-12-10 16:38:21'),
(200, 32, 'NA', '2019-12-10 16:38:21'),
(200, 33, 'EA', '2019-12-10 16:38:21'),
(200, 39, 'NA', '2019-12-10 16:38:21'),
(200, 43, 'A', '2019-12-10 16:38:21'),
(200, 50, 'NA', '2019-12-10 16:38:21'),
(200, 51, 'A', '2019-12-10 16:38:21'),
(201, 2, 'A', '2019-12-10 16:38:21'),
(201, 3, 'A', '2019-12-10 16:38:21'),
(201, 4, 'EA', '2019-12-10 16:38:21'),
(201, 9, 'EA', '2019-12-10 16:38:21'),
(201, 10, 'A', '2019-12-10 16:38:21'),
(201, 18, 'A', '2019-12-10 16:38:21'),
(201, 19, 'A', '2019-12-10 16:38:21'),
(201, 20, 'NA', '2019-12-10 16:38:21'),
(201, 25, 'A', '2019-12-10 16:38:21'),
(201, 26, 'NA', '2019-12-10 16:38:21'),
(201, 32, 'A', '2019-12-10 16:38:21'),
(201, 33, 'EA', '2019-12-10 16:38:21'),
(201, 39, 'A', '2019-12-10 16:38:21'),
(201, 43, 'EA', '2019-12-10 16:38:22'),
(201, 50, 'NA', '2019-12-10 16:38:22'),
(201, 51, 'A', '2019-12-10 16:38:22'),
(202, 2, 'A', '2019-12-10 16:38:22'),
(202, 3, 'A', '2019-12-10 16:38:22'),
(202, 4, 'A', '2019-12-10 16:38:22'),
(202, 9, 'A', '2019-12-10 16:38:22'),
(202, 10, 'A', '2019-12-10 16:38:22'),
(202, 18, 'A', '2019-12-10 16:38:22'),
(202, 19, 'A', '2019-12-10 16:38:22'),
(202, 20, 'EA', '2019-12-10 16:38:22'),
(202, 25, 'A', '2019-12-10 16:38:22'),
(202, 26, 'A', '2019-12-10 16:38:22'),
(202, 32, 'A', '2019-12-10 16:38:22'),
(202, 33, 'A', '2019-12-10 16:38:22'),
(202, 39, 'A', '2019-12-10 16:38:22'),
(202, 43, 'NA', '2019-12-10 16:38:22'),
(202, 50, 'A', '2019-12-10 16:38:22'),
(202, 51, 'EA', '2019-12-10 16:38:22'),
(203, 2, 'A', '2019-12-10 16:38:22'),
(203, 3, 'NA', '2019-12-10 16:38:22'),
(203, 4, 'A', '2019-12-10 16:38:22'),
(203, 9, 'NA', '2019-12-10 16:38:22'),
(203, 10, 'A', '2019-12-10 16:38:22'),
(203, 18, 'NA', '2019-12-10 16:38:22'),
(203, 19, 'A', '2019-12-10 16:38:22'),
(203, 20, 'A', '2019-12-10 16:38:22'),
(203, 25, 'A', '2019-12-10 16:38:22'),
(203, 26, 'A', '2019-12-10 16:38:22'),
(203, 32, 'A', '2019-12-10 16:38:22'),
(203, 33, 'A', '2019-12-10 16:38:22'),
(203, 39, 'A', '2019-12-10 16:38:22'),
(203, 43, 'A', '2019-12-10 16:38:22'),
(203, 50, 'A', '2019-12-10 16:38:22'),
(203, 51, 'NA', '2019-12-10 16:38:22'),
(204, 2, 'A', '2019-12-10 16:38:22'),
(204, 3, 'A', '2019-12-10 16:38:22'),
(204, 4, 'A', '2019-12-10 16:38:22'),
(204, 9, 'A', '2019-12-10 16:38:22'),
(204, 10, 'A', '2019-12-10 16:38:22'),
(204, 18, 'NA', '2019-12-10 16:38:22'),
(204, 19, 'A', '2019-12-10 16:38:22'),
(204, 20, 'A', '2019-12-10 16:38:22'),
(204, 25, 'A', '2019-12-10 16:38:22'),
(204, 26, 'NA', '2019-12-10 16:38:22'),
(204, 32, 'A', '2019-12-10 16:38:22'),
(204, 33, 'A', '2019-12-10 16:38:22'),
(204, 39, 'A', '2019-12-10 16:38:22'),
(204, 43, 'EA', '2019-12-10 16:38:22'),
(204, 50, 'A', '2019-12-10 16:38:22'),
(204, 51, 'A', '2019-12-10 16:38:22'),
(205, 2, 'A', '2019-12-10 16:38:22'),
(205, 3, 'NA', '2019-12-10 16:38:22'),
(205, 4, 'A', '2019-12-10 16:38:22'),
(205, 9, 'A', '2019-12-10 16:38:22'),
(205, 10, 'A', '2019-12-10 16:38:22'),
(205, 18, 'NA', '2019-12-10 16:38:22'),
(205, 19, 'A', '2019-12-10 16:38:22'),
(205, 20, 'NA', '2019-12-10 16:38:22'),
(205, 25, 'A', '2019-12-10 16:38:22'),
(205, 26, 'NA', '2019-12-10 16:38:22'),
(205, 32, 'A', '2019-12-10 16:38:22'),
(205, 33, 'A', '2019-12-10 16:38:22'),
(205, 39, 'A', '2019-12-10 16:38:22'),
(205, 43, 'A', '2019-12-10 16:38:22'),
(205, 50, 'NA', '2019-12-10 16:38:22'),
(205, 51, 'A', '2019-12-10 16:38:22'),
(206, 2, 'A', '2019-12-10 16:38:22'),
(206, 3, 'NA', '2019-12-10 16:38:22'),
(206, 4, 'EA', '2019-12-10 16:38:22'),
(206, 9, 'A', '2019-12-10 16:38:22'),
(206, 10, 'NA', '2019-12-10 16:38:22'),
(206, 18, 'A', '2019-12-10 16:38:22'),
(206, 19, 'A', '2019-12-10 16:38:22'),
(206, 20, 'A', '2019-12-10 16:38:22'),
(206, 25, 'A', '2019-12-10 16:38:22'),
(206, 26, 'EA', '2019-12-10 16:38:22'),
(206, 32, 'A', '2019-12-10 16:38:22'),
(206, 33, 'NA', '2019-12-10 16:38:22'),
(206, 39, 'A', '2019-12-10 16:38:22'),
(206, 43, 'A', '2019-12-10 16:38:22'),
(206, 50, 'A', '2019-12-10 16:38:22'),
(206, 51, 'NA', '2019-12-10 16:38:22'),
(207, 2, 'NA', '2019-12-10 16:38:22'),
(207, 3, 'A', '2019-12-10 16:38:22'),
(207, 4, 'A', '2019-12-10 16:38:22'),
(207, 9, 'A', '2019-12-10 16:38:22'),
(207, 10, 'A', '2019-12-10 16:38:22'),
(207, 18, 'NA', '2019-12-10 16:38:22'),
(207, 19, 'EA', '2019-12-10 16:38:22'),
(207, 20, 'A', '2019-12-10 16:38:22'),
(207, 25, 'EA', '2019-12-10 16:38:22'),
(207, 26, 'A', '2019-12-10 16:38:22'),
(207, 32, 'NA', '2019-12-10 16:38:22'),
(207, 33, 'A', '2019-12-10 16:38:22'),
(207, 39, 'A', '2019-12-10 16:38:22'),
(207, 43, 'A', '2019-12-10 16:38:22'),
(207, 50, 'EA', '2019-12-10 16:38:22'),
(207, 51, 'A', '2019-12-10 16:38:22'),
(208, 2, 'A', '2019-12-10 16:38:22'),
(208, 3, 'A', '2019-12-10 16:38:22'),
(208, 4, 'A', '2019-12-10 16:38:22'),
(208, 9, 'A', '2019-12-10 16:38:22'),
(208, 10, 'NA', '2019-12-10 16:38:23'),
(208, 18, 'A', '2019-12-10 16:38:23'),
(208, 19, 'NA', '2019-12-10 16:38:23'),
(208, 20, 'EA', '2019-12-10 16:38:23'),
(208, 25, 'NA', '2019-12-10 16:38:23'),
(208, 26, 'EA', '2019-12-10 16:38:23'),
(208, 32, 'A', '2019-12-10 16:38:23'),
(208, 33, 'NA', '2019-12-10 16:38:23'),
(208, 39, 'NA', '2019-12-10 16:38:23'),
(208, 43, 'NA', '2019-12-10 16:38:23'),
(208, 50, 'NA', '2019-12-10 16:38:23'),
(208, 51, 'A', '2019-12-10 16:38:23'),
(209, 2, 'A', '2019-12-10 16:38:23'),
(209, 3, 'A', '2019-12-10 16:38:23'),
(209, 4, 'A', '2019-12-10 16:38:23'),
(209, 9, 'A', '2019-12-10 16:38:23'),
(209, 10, 'A', '2019-12-10 16:38:23'),
(209, 18, 'A', '2019-12-10 16:38:23'),
(209, 19, 'A', '2019-12-10 16:38:23'),
(209, 20, 'NA', '2019-12-10 16:38:23'),
(209, 25, 'NA', '2019-12-10 16:38:23'),
(209, 26, 'A', '2019-12-10 16:38:23'),
(209, 32, 'A', '2019-12-10 16:38:23'),
(209, 33, 'EA', '2019-12-10 16:38:23'),
(209, 39, 'A', '2019-12-10 16:38:23'),
(209, 43, 'A', '2019-12-10 16:38:23'),
(209, 50, 'A', '2019-12-10 16:38:23'),
(209, 51, 'A', '2019-12-10 16:38:23'),
(210, 2, 'EA', '2019-12-10 16:38:23'),
(210, 3, 'NA', '2019-12-10 16:38:23'),
(210, 4, 'A', '2019-12-10 16:38:23'),
(210, 9, 'A', '2019-12-10 16:38:23'),
(210, 10, 'A', '2019-12-10 16:38:23'),
(210, 18, 'A', '2019-12-10 16:38:23'),
(210, 19, 'NA', '2019-12-10 16:38:23'),
(210, 20, 'NA', '2019-12-10 16:38:23'),
(210, 25, 'A', '2019-12-10 16:38:23'),
(210, 26, 'A', '2019-12-10 16:38:23'),
(210, 32, 'A', '2019-12-10 16:38:23'),
(210, 33, 'A', '2019-12-10 16:38:23'),
(210, 39, 'A', '2019-12-10 16:38:23'),
(210, 43, 'NA', '2019-12-10 16:38:23'),
(210, 50, 'NA', '2019-12-10 16:38:23'),
(210, 51, 'A', '2019-12-10 16:38:23'),
(211, 2, 'A', '2019-12-10 16:38:23'),
(211, 3, 'A', '2019-12-10 16:38:23'),
(211, 4, 'EA', '2019-12-10 16:38:23'),
(211, 9, 'A', '2019-12-10 16:38:23'),
(211, 10, 'A', '2019-12-10 16:38:23'),
(211, 18, 'NA', '2019-12-10 16:38:23'),
(211, 19, 'A', '2019-12-10 16:38:23'),
(211, 20, 'A', '2019-12-10 16:38:23'),
(211, 25, 'A', '2019-12-10 16:38:23'),
(211, 26, 'EA', '2019-12-10 16:38:23'),
(211, 32, 'A', '2019-12-10 16:38:23'),
(211, 33, 'A', '2019-12-10 16:38:23'),
(211, 39, 'A', '2019-12-10 16:38:23'),
(211, 43, 'NA', '2019-12-10 16:38:23'),
(211, 50, 'A', '2019-12-10 16:38:23'),
(211, 51, 'A', '2019-12-10 16:38:23'),
(212, 2, 'A', '2019-12-10 16:38:23'),
(212, 3, 'A', '2019-12-10 16:38:23'),
(212, 4, 'A', '2019-12-10 16:38:23'),
(212, 9, 'EA', '2019-12-10 16:38:23'),
(212, 10, 'EA', '2019-12-10 16:38:23'),
(212, 18, 'NA', '2019-12-10 16:38:23'),
(212, 19, 'NA', '2019-12-10 16:38:23'),
(212, 20, 'EA', '2019-12-10 16:38:23'),
(212, 25, 'NA', '2019-12-10 16:38:23'),
(212, 26, 'A', '2019-12-10 16:38:23'),
(212, 32, 'A', '2019-12-10 16:38:23'),
(212, 33, 'A', '2019-12-10 16:38:23'),
(212, 39, 'EA', '2019-12-10 16:38:23'),
(212, 43, 'EA', '2019-12-10 16:38:23'),
(212, 50, 'A', '2019-12-10 16:38:23'),
(212, 51, 'A', '2019-12-10 16:38:23'),
(213, 2, 'A', '2019-12-10 16:38:23'),
(213, 3, 'A', '2019-12-10 16:38:23'),
(213, 4, 'A', '2019-12-10 16:38:23'),
(213, 9, 'A', '2019-12-10 16:38:23'),
(213, 10, 'NA', '2019-12-10 16:38:23'),
(213, 18, 'A', '2019-12-10 16:38:23'),
(213, 19, 'A', '2019-12-10 16:38:23'),
(213, 20, 'A', '2019-12-10 16:38:23'),
(213, 25, 'NA', '2019-12-10 16:38:23'),
(213, 26, 'A', '2019-12-10 16:38:23'),
(213, 32, 'A', '2019-12-10 16:38:23'),
(213, 33, 'A', '2019-12-10 16:38:23'),
(213, 39, 'A', '2019-12-10 16:38:23'),
(213, 43, 'A', '2019-12-10 16:38:23'),
(213, 50, 'A', '2019-12-10 16:38:23'),
(213, 51, 'A', '2019-12-10 16:38:23'),
(214, 2, 'A', '2019-12-10 16:38:23'),
(214, 3, 'A', '2019-12-10 16:38:23'),
(214, 4, 'NA', '2019-12-10 16:38:23'),
(214, 9, 'NA', '2019-12-10 16:38:23'),
(214, 10, 'A', '2019-12-10 16:38:23'),
(214, 18, 'A', '2019-12-10 16:38:23'),
(214, 19, 'A', '2019-12-10 16:38:23'),
(214, 20, 'EA', '2019-12-10 16:38:23'),
(214, 25, 'A', '2019-12-10 16:38:23'),
(214, 26, 'A', '2019-12-10 16:38:23'),
(214, 32, 'NA', '2019-12-10 16:38:23'),
(214, 33, 'A', '2019-12-10 16:38:23'),
(214, 39, 'EA', '2019-12-10 16:38:23'),
(214, 43, 'A', '2019-12-10 16:38:23'),
(214, 50, 'A', '2019-12-10 16:38:24'),
(214, 51, 'A', '2019-12-10 16:38:24'),
(215, 2, 'A', '2019-12-10 16:38:24'),
(215, 3, 'A', '2019-12-10 16:38:24'),
(215, 4, 'A', '2019-12-10 16:38:24'),
(215, 9, 'NA', '2019-12-10 16:38:24'),
(215, 10, 'A', '2019-12-10 16:38:24'),
(215, 18, 'A', '2019-12-10 16:38:24'),
(215, 19, 'A', '2019-12-10 16:38:24'),
(215, 20, 'A', '2019-12-10 16:38:24'),
(215, 25, 'A', '2019-12-10 16:38:24'),
(215, 26, 'EA', '2019-12-10 16:38:24'),
(215, 32, 'A', '2019-12-10 16:38:24'),
(215, 33, 'A', '2019-12-10 16:38:24'),
(215, 39, 'NA', '2019-12-10 16:38:24'),
(215, 43, 'A', '2019-12-10 16:38:24'),
(215, 50, 'NA', '2019-12-10 16:38:24'),
(215, 51, 'A', '2019-12-10 16:38:24'),
(216, 2, 'A', '2019-12-10 16:38:24'),
(216, 3, 'A', '2019-12-10 16:38:24'),
(216, 4, 'A', '2019-12-10 16:38:24'),
(216, 9, 'A', '2019-12-10 16:38:24'),
(216, 10, 'A', '2019-12-10 16:38:24'),
(216, 18, 'EA', '2019-12-10 16:38:24'),
(216, 19, 'A', '2019-12-10 16:38:24'),
(216, 20, 'NA', '2019-12-10 16:38:24'),
(216, 25, 'EA', '2019-12-10 16:38:24'),
(216, 26, 'A', '2019-12-10 16:38:24'),
(216, 32, 'A', '2019-12-10 16:38:24'),
(216, 33, 'A', '2019-12-10 16:38:24'),
(216, 39, 'A', '2019-12-10 16:38:24'),
(216, 43, 'A', '2019-12-10 16:38:24'),
(216, 50, 'A', '2019-12-10 16:38:24'),
(216, 51, 'A', '2019-12-10 16:38:24'),
(217, 2, 'A', '2019-12-10 16:38:24'),
(217, 3, 'NA', '2019-12-10 16:38:24'),
(217, 4, 'A', '2019-12-10 16:38:24'),
(217, 9, 'A', '2019-12-10 16:38:24'),
(217, 10, 'A', '2019-12-10 16:38:24'),
(217, 18, 'NA', '2019-12-10 16:38:24'),
(217, 19, 'A', '2019-12-10 16:38:24'),
(217, 20, 'A', '2019-12-10 16:38:24'),
(217, 25, 'NA', '2019-12-10 16:38:24'),
(217, 26, 'A', '2019-12-10 16:38:24'),
(217, 32, 'A', '2019-12-10 16:38:24'),
(217, 33, 'A', '2019-12-10 16:38:24'),
(217, 39, 'NA', '2019-12-10 16:38:24'),
(217, 43, 'A', '2019-12-10 16:38:24'),
(217, 50, 'EA', '2019-12-10 16:38:24'),
(217, 51, 'NA', '2019-12-10 16:38:24'),
(218, 2, 'A', '2019-12-10 16:38:24'),
(218, 3, 'A', '2019-12-10 16:38:24'),
(218, 4, 'A', '2019-12-10 16:38:24'),
(218, 9, 'A', '2019-12-10 16:38:24'),
(218, 10, 'NA', '2019-12-10 16:38:24'),
(218, 18, 'A', '2019-12-10 16:38:24'),
(218, 19, 'EA', '2019-12-10 16:38:24'),
(218, 20, 'NA', '2019-12-10 16:38:24'),
(218, 25, 'A', '2019-12-10 16:38:24'),
(218, 26, 'A', '2019-12-10 16:38:24'),
(218, 32, 'A', '2019-12-10 16:38:24'),
(218, 33, 'A', '2019-12-10 16:38:24'),
(218, 39, 'A', '2019-12-10 16:38:24'),
(218, 43, 'A', '2019-12-10 16:38:24'),
(218, 50, 'A', '2019-12-10 16:38:24'),
(218, 51, 'A', '2019-12-10 16:38:24'),
(219, 2, 'NA', '2019-12-10 16:38:24'),
(219, 3, 'A', '2019-12-10 16:38:24'),
(219, 4, 'A', '2019-12-10 16:38:24'),
(219, 9, 'A', '2019-12-10 16:38:24'),
(219, 10, 'EA', '2019-12-10 16:38:24'),
(219, 18, 'A', '2019-12-10 16:38:24'),
(219, 19, 'A', '2019-12-10 16:38:24'),
(219, 20, 'A', '2019-12-10 16:38:24'),
(219, 25, 'A', '2019-12-10 16:38:24'),
(219, 26, 'EA', '2019-12-10 16:38:24'),
(219, 32, 'EA', '2019-12-10 16:38:24'),
(219, 33, 'A', '2019-12-10 16:38:24'),
(219, 39, 'NA', '2019-12-10 16:38:24'),
(219, 43, 'A', '2019-12-10 16:38:24'),
(219, 50, 'A', '2019-12-10 16:38:24'),
(219, 51, 'A', '2019-12-10 16:38:24'),
(220, 2, 'NA', '2019-12-10 16:38:24'),
(220, 3, 'A', '2019-12-10 16:38:24'),
(220, 4, 'A', '2019-12-10 16:38:24'),
(220, 9, 'A', '2019-12-10 16:38:24'),
(220, 10, 'A', '2019-12-10 16:38:24'),
(220, 18, 'A', '2019-12-10 16:38:24'),
(220, 19, 'A', '2019-12-10 16:38:24'),
(220, 20, 'NA', '2019-12-10 16:38:24'),
(220, 25, 'EA', '2019-12-10 16:38:24'),
(220, 26, 'A', '2019-12-10 16:38:24'),
(220, 32, 'A', '2019-12-10 16:38:24'),
(220, 33, 'EA', '2019-12-10 16:38:24'),
(220, 39, 'NA', '2019-12-10 16:38:24'),
(220, 43, 'A', '2019-12-10 16:38:24'),
(220, 50, 'A', '2019-12-10 16:38:24'),
(220, 51, 'A', '2019-12-10 16:38:24'),
(221, 2, 'A', '2019-12-10 16:38:24'),
(221, 3, 'A', '2019-12-10 16:38:24'),
(221, 4, 'A', '2019-12-10 16:38:24'),
(221, 9, 'A', '2019-12-10 16:38:24'),
(221, 10, 'A', '2019-12-10 16:38:24'),
(221, 18, 'A', '2019-12-10 16:38:24'),
(221, 19, 'A', '2019-12-10 16:38:24'),
(221, 20, 'A', '2019-12-10 16:38:24'),
(221, 25, 'A', '2019-12-10 16:38:24'),
(221, 26, 'NA', '2019-12-10 16:38:24'),
(221, 32, 'NA', '2019-12-10 16:38:24'),
(221, 33, 'A', '2019-12-10 16:38:24'),
(221, 39, 'A', '2019-12-10 16:38:24'),
(221, 43, 'EA', '2019-12-10 16:38:24'),
(221, 50, 'A', '2019-12-10 16:38:24'),
(221, 51, 'A', '2019-12-10 16:38:24'),
(222, 2, 'A', '2019-12-10 16:38:24'),
(222, 3, 'A', '2019-12-10 16:38:24'),
(222, 4, 'A', '2019-12-10 16:38:24'),
(222, 9, 'A', '2019-12-10 16:38:24'),
(222, 10, 'A', '2019-12-10 16:38:24'),
(222, 18, 'NA', '2019-12-10 16:38:24'),
(222, 19, 'NA', '2019-12-10 16:38:24'),
(222, 20, 'NA', '2019-12-10 16:38:24'),
(222, 25, 'EA', '2019-12-10 16:38:24'),
(222, 26, 'A', '2019-12-10 16:38:24'),
(222, 32, 'A', '2019-12-10 16:38:24'),
(222, 33, 'A', '2019-12-10 16:38:24'),
(222, 39, 'A', '2019-12-10 16:38:24'),
(222, 43, 'NA', '2019-12-10 16:38:25'),
(222, 50, 'A', '2019-12-10 16:38:25'),
(222, 51, 'A', '2019-12-10 16:38:25'),
(223, 2, 'NA', '2019-12-10 16:38:25'),
(223, 3, 'A', '2019-12-10 16:38:25'),
(223, 4, 'A', '2019-12-10 16:38:25'),
(223, 9, 'A', '2019-12-10 16:38:25'),
(223, 10, 'A', '2019-12-10 16:38:25'),
(223, 18, 'A', '2019-12-10 16:38:25'),
(223, 19, 'A', '2019-12-10 16:38:25'),
(223, 20, 'A', '2019-12-10 16:38:25'),
(223, 25, 'A', '2019-12-10 16:38:25'),
(223, 26, 'A', '2019-12-10 16:38:25'),
(223, 32, 'A', '2019-12-10 16:38:25'),
(223, 33, 'A', '2019-12-10 16:38:25'),
(223, 39, 'A', '2019-12-10 16:38:25'),
(223, 43, 'NA', '2019-12-10 16:38:25'),
(223, 50, 'NA', '2019-12-10 16:38:25'),
(223, 51, 'A', '2019-12-10 16:38:25'),
(224, 2, 'A', '2019-12-10 16:38:25'),
(224, 3, 'NA', '2019-12-10 16:38:25'),
(224, 4, 'A', '2019-12-10 16:38:25'),
(224, 9, 'NA', '2019-12-10 16:38:25'),
(224, 10, 'A', '2019-12-10 16:38:25'),
(224, 18, 'A', '2019-12-10 16:38:25'),
(224, 19, 'A', '2019-12-10 16:38:25'),
(224, 20, 'A', '2019-12-10 16:38:25'),
(224, 25, 'A', '2019-12-10 16:38:25'),
(224, 26, 'A', '2019-12-10 16:38:25'),
(224, 32, 'A', '2019-12-10 16:38:25'),
(224, 33, 'A', '2019-12-10 16:38:25'),
(224, 39, 'A', '2019-12-10 16:38:25'),
(224, 43, 'EA', '2019-12-10 16:38:25'),
(224, 50, 'A', '2019-12-10 16:38:25'),
(224, 51, 'A', '2019-12-10 16:38:25'),
(225, 2, 'A', '2019-12-10 16:38:25'),
(225, 3, 'A', '2019-12-10 16:38:25'),
(225, 4, 'A', '2019-12-10 16:38:25'),
(225, 9, 'EA', '2019-12-10 16:38:25'),
(225, 10, 'NA', '2019-12-10 16:38:25'),
(225, 18, 'NA', '2019-12-10 16:38:25'),
(225, 19, 'A', '2019-12-10 16:38:25'),
(225, 20, 'A', '2019-12-10 16:38:25'),
(225, 25, 'A', '2019-12-10 16:38:25'),
(225, 26, 'A', '2019-12-10 16:38:25'),
(225, 32, 'A', '2019-12-10 16:38:25'),
(225, 33, 'EA', '2019-12-10 16:38:25'),
(225, 39, 'A', '2019-12-10 16:38:25'),
(225, 43, 'NA', '2019-12-10 16:38:25'),
(225, 50, 'A', '2019-12-10 16:38:25'),
(225, 51, 'A', '2019-12-10 16:38:25'),
(226, 5, 'A', '2019-12-10 16:38:25'),
(226, 6, 'NA', '2019-12-10 16:38:25'),
(226, 7, 'A', '2019-12-10 16:38:25'),
(226, 11, 'A', '2019-12-10 16:38:25'),
(226, 12, 'A', '2019-12-10 16:38:25'),
(226, 13, 'EA', '2019-12-10 16:38:25'),
(226, 21, 'A', '2019-12-10 16:38:25'),
(226, 22, 'A', '2019-12-10 16:38:25'),
(226, 27, 'A', '2019-12-10 16:38:25'),
(226, 28, 'EA', '2019-12-10 16:38:25'),
(226, 29, 'A', '2019-12-10 16:38:25'),
(226, 30, 'EA', '2019-12-10 16:38:25'),
(226, 34, 'NA', '2019-12-10 16:38:25'),
(226, 35, 'A', '2019-12-10 16:38:25'),
(226, 40, 'A', '2019-12-10 16:38:25'),
(226, 44, 'EA', '2019-12-10 16:38:25'),
(226, 45, 'A', '2019-12-10 16:38:25'),
(226, 46, 'A', '2019-12-10 16:38:25'),
(226, 47, 'A', '2019-12-10 16:38:25'),
(226, 52, 'NA', '2019-12-10 16:38:25'),
(226, 53, 'NA', '2019-12-10 16:38:25'),
(226, 54, 'NA', '2019-12-10 16:38:25'),
(226, 55, 'A', '2019-12-10 16:38:25'),
(227, 5, 'EA', '2019-12-10 16:38:25'),
(227, 6, 'A', '2019-12-10 16:38:25'),
(227, 7, 'A', '2019-12-10 16:38:25'),
(227, 11, 'A', '2019-12-10 16:38:25'),
(227, 12, 'A', '2019-12-10 16:38:25'),
(227, 13, 'A', '2019-12-10 16:38:25'),
(227, 21, 'A', '2019-12-10 16:38:25'),
(227, 22, 'EA', '2019-12-10 16:38:25'),
(227, 27, 'EA', '2019-12-10 16:38:25'),
(227, 28, 'A', '2019-12-10 16:38:25'),
(227, 29, 'NA', '2019-12-10 16:38:25'),
(227, 30, 'NA', '2019-12-10 16:38:25'),
(227, 34, 'A', '2019-12-10 16:38:25'),
(227, 35, 'A', '2019-12-10 16:38:25'),
(227, 40, 'NA', '2019-12-10 16:38:25'),
(227, 44, 'NA', '2019-12-10 16:38:25'),
(227, 45, 'A', '2019-12-10 16:38:25'),
(227, 46, 'A', '2019-12-10 16:38:25'),
(227, 47, 'A', '2019-12-10 16:38:25'),
(227, 52, 'A', '2019-12-10 16:38:25'),
(227, 53, 'EA', '2019-12-10 16:38:25'),
(227, 54, 'NA', '2019-12-10 16:38:25'),
(227, 55, 'A', '2019-12-10 16:38:25'),
(228, 5, 'A', '2019-12-10 16:38:25'),
(228, 6, 'A', '2019-12-10 16:38:25'),
(228, 7, 'EA', '2019-12-10 16:38:25'),
(228, 11, 'EA', '2019-12-10 16:38:25'),
(228, 12, 'NA', '2019-12-10 16:38:25'),
(228, 13, 'A', '2019-12-10 16:38:25'),
(228, 21, 'NA', '2019-12-10 16:38:25'),
(228, 22, 'A', '2019-12-10 16:38:25'),
(228, 27, 'A', '2019-12-10 16:38:25'),
(228, 28, 'A', '2019-12-10 16:38:25'),
(228, 29, 'A', '2019-12-10 16:38:25'),
(228, 30, 'EA', '2019-12-10 16:38:25'),
(228, 34, 'A', '2019-12-10 16:38:25'),
(228, 35, 'A', '2019-12-10 16:38:25'),
(228, 40, 'NA', '2019-12-10 16:38:25'),
(228, 44, 'A', '2019-12-10 16:38:25'),
(228, 45, 'EA', '2019-12-10 16:38:25'),
(228, 46, 'A', '2019-12-10 16:38:25'),
(228, 47, 'NA', '2019-12-10 16:38:25'),
(228, 52, 'A', '2019-12-10 16:38:25'),
(228, 53, 'NA', '2019-12-10 16:38:25'),
(228, 54, 'EA', '2019-12-10 16:38:25'),
(228, 55, 'NA', '2019-12-10 16:38:25'),
(229, 5, 'NA', '2019-12-10 16:38:25'),
(229, 6, 'EA', '2019-12-10 16:38:25'),
(229, 7, 'A', '2019-12-10 16:38:25'),
(229, 11, 'NA', '2019-12-10 16:38:25'),
(229, 12, 'A', '2019-12-10 16:38:25'),
(229, 13, 'A', '2019-12-10 16:38:25'),
(229, 21, 'A', '2019-12-10 16:38:25'),
(229, 22, 'NA', '2019-12-10 16:38:25'),
(229, 27, 'A', '2019-12-10 16:38:25'),
(229, 28, 'A', '2019-12-10 16:38:25'),
(229, 29, 'EA', '2019-12-10 16:38:25'),
(229, 30, 'EA', '2019-12-10 16:38:25'),
(229, 34, 'NA', '2019-12-10 16:38:25'),
(229, 35, 'A', '2019-12-10 16:38:25'),
(229, 40, 'A', '2019-12-10 16:38:25'),
(229, 44, 'A', '2019-12-10 16:38:25'),
(229, 45, 'EA', '2019-12-10 16:38:25'),
(229, 46, 'A', '2019-12-10 16:38:25'),
(229, 47, 'A', '2019-12-10 16:38:25'),
(229, 52, 'A', '2019-12-10 16:38:26'),
(229, 53, 'A', '2019-12-10 16:38:26'),
(229, 54, 'A', '2019-12-10 16:38:26'),
(229, 55, 'NA', '2019-12-10 16:38:26'),
(230, 5, 'A', '2019-12-10 16:38:26'),
(230, 6, 'EA', '2019-12-10 16:38:26'),
(230, 7, 'EA', '2019-12-10 16:38:26'),
(230, 11, 'NA', '2019-12-10 16:38:26'),
(230, 12, 'NA', '2019-12-10 16:38:26'),
(230, 13, 'A', '2019-12-10 16:38:26'),
(230, 21, 'A', '2019-12-10 16:38:26'),
(230, 22, 'NA', '2019-12-10 16:38:26'),
(230, 27, 'NA', '2019-12-10 16:38:26'),
(230, 28, 'A', '2019-12-10 16:38:26'),
(230, 29, 'A', '2019-12-10 16:38:26'),
(230, 30, 'A', '2019-12-10 16:38:26'),
(230, 34, 'A', '2019-12-10 16:38:26'),
(230, 35, 'A', '2019-12-10 16:38:26'),
(230, 40, 'A', '2019-12-10 16:38:26'),
(230, 44, 'A', '2019-12-10 16:38:26'),
(230, 45, 'A', '2019-12-10 16:38:26'),
(230, 46, 'A', '2019-12-10 16:38:26'),
(230, 47, 'A', '2019-12-10 16:38:26'),
(230, 52, 'A', '2019-12-10 16:38:26'),
(230, 53, 'A', '2019-12-10 16:38:26'),
(230, 54, 'NA', '2019-12-10 16:38:26'),
(230, 55, 'A', '2019-12-10 16:38:26'),
(231, 5, 'NA', '2019-12-10 16:38:26'),
(231, 6, 'A', '2019-12-10 16:38:26'),
(231, 7, 'NA', '2019-12-10 16:38:26'),
(231, 11, 'EA', '2019-12-10 16:38:26'),
(231, 12, 'NA', '2019-12-10 16:38:26'),
(231, 13, 'NA', '2019-12-10 16:38:26'),
(231, 21, 'EA', '2019-12-10 16:38:26'),
(231, 22, 'A', '2019-12-10 16:38:26'),
(231, 27, 'A', '2019-12-10 16:38:26'),
(231, 28, 'A', '2019-12-10 16:38:26'),
(231, 29, 'A', '2019-12-10 16:38:26'),
(231, 30, 'NA', '2019-12-10 16:38:26'),
(231, 34, 'A', '2019-12-10 16:38:26'),
(231, 35, 'EA', '2019-12-10 16:38:26'),
(231, 40, 'A', '2019-12-10 16:38:26'),
(231, 44, 'NA', '2019-12-10 16:38:26'),
(231, 45, 'A', '2019-12-10 16:38:26'),
(231, 46, 'A', '2019-12-10 16:38:26'),
(231, 47, 'A', '2019-12-10 16:38:26'),
(231, 52, 'NA', '2019-12-10 16:38:26'),
(231, 53, 'A', '2019-12-10 16:38:26'),
(231, 54, 'A', '2019-12-10 16:38:26'),
(231, 55, 'A', '2019-12-10 16:38:26'),
(232, 5, 'A', '2019-12-10 16:38:26'),
(232, 6, 'EA', '2019-12-10 16:38:26'),
(232, 7, 'A', '2019-12-10 16:38:26'),
(232, 11, 'EA', '2019-12-10 16:38:26'),
(232, 12, 'A', '2019-12-10 16:38:26'),
(232, 13, 'NA', '2019-12-10 16:38:26'),
(232, 21, 'A', '2019-12-10 16:38:26'),
(232, 22, 'EA', '2019-12-10 16:38:26'),
(232, 27, 'NA', '2019-12-10 16:38:26'),
(232, 28, 'A', '2019-12-10 16:38:26'),
(232, 29, 'A', '2019-12-10 16:38:26'),
(232, 30, 'A', '2019-12-10 16:38:26'),
(232, 34, 'EA', '2019-12-10 16:38:26'),
(232, 35, 'NA', '2019-12-10 16:38:26'),
(232, 40, 'A', '2019-12-10 16:38:26'),
(232, 44, 'NA', '2019-12-10 16:38:26'),
(232, 45, 'A', '2019-12-10 16:38:26'),
(232, 46, 'A', '2019-12-10 16:38:26'),
(232, 47, 'A', '2019-12-10 16:38:26'),
(232, 52, 'EA', '2019-12-10 16:38:26'),
(232, 53, 'A', '2019-12-10 16:38:26'),
(232, 54, 'A', '2019-12-10 16:38:26'),
(232, 55, 'EA', '2019-12-10 16:38:26'),
(233, 5, 'NA', '2019-12-10 16:38:26'),
(233, 6, 'NA', '2019-12-10 16:38:26'),
(233, 7, 'A', '2019-12-10 16:38:26'),
(233, 11, 'NA', '2019-12-10 16:38:26'),
(233, 12, 'A', '2019-12-10 16:38:26'),
(233, 13, 'A', '2019-12-10 16:38:26'),
(233, 21, 'EA', '2019-12-10 16:38:26'),
(233, 22, 'EA', '2019-12-10 16:38:26'),
(233, 27, 'A', '2019-12-10 16:38:26'),
(233, 28, 'A', '2019-12-10 16:38:26'),
(233, 29, 'EA', '2019-12-10 16:38:26'),
(233, 30, 'A', '2019-12-10 16:38:26'),
(233, 34, 'A', '2019-12-10 16:38:26'),
(233, 35, 'A', '2019-12-10 16:38:26'),
(233, 40, 'A', '2019-12-10 16:38:26'),
(233, 44, 'A', '2019-12-10 16:38:26'),
(233, 45, 'A', '2019-12-10 16:38:26'),
(233, 46, 'NA', '2019-12-10 16:38:26'),
(233, 47, 'NA', '2019-12-10 16:38:26'),
(233, 52, 'EA', '2019-12-10 16:38:26'),
(233, 53, 'NA', '2019-12-10 16:38:26'),
(233, 54, 'EA', '2019-12-10 16:38:26'),
(233, 55, 'A', '2019-12-10 16:38:26'),
(234, 5, 'A', '2019-12-10 16:38:26'),
(234, 6, 'EA', '2019-12-10 16:38:26'),
(234, 7, 'NA', '2019-12-10 16:38:26'),
(234, 11, 'A', '2019-12-10 16:38:26'),
(234, 12, 'A', '2019-12-10 16:38:26'),
(234, 13, 'A', '2019-12-10 16:38:26'),
(234, 21, 'A', '2019-12-10 16:38:26'),
(234, 22, 'A', '2019-12-10 16:38:26'),
(234, 27, 'NA', '2019-12-10 16:38:26'),
(234, 28, 'EA', '2019-12-10 16:38:26'),
(234, 29, 'A', '2019-12-10 16:38:26'),
(234, 30, 'A', '2019-12-10 16:38:26'),
(234, 34, 'A', '2019-12-10 16:38:26'),
(234, 35, 'NA', '2019-12-10 16:38:26'),
(234, 40, 'NA', '2019-12-10 16:38:26'),
(234, 44, 'A', '2019-12-10 16:38:26'),
(234, 45, 'A', '2019-12-10 16:38:26'),
(234, 46, 'A', '2019-12-10 16:38:26'),
(234, 47, 'A', '2019-12-10 16:38:26'),
(234, 52, 'A', '2019-12-10 16:38:26'),
(234, 53, 'EA', '2019-12-10 16:38:26'),
(234, 54, 'A', '2019-12-10 16:38:26'),
(234, 55, 'EA', '2019-12-10 16:38:26'),
(235, 5, 'A', '2019-12-10 16:38:26'),
(235, 6, 'A', '2019-12-10 16:38:26'),
(235, 7, 'A', '2019-12-10 16:38:26'),
(235, 11, 'A', '2019-12-10 16:38:26'),
(235, 12, 'EA', '2019-12-10 16:38:26'),
(235, 13, 'NA', '2019-12-10 16:38:26'),
(235, 21, 'NA', '2019-12-10 16:38:26'),
(235, 22, 'NA', '2019-12-10 16:38:26'),
(235, 27, 'A', '2019-12-10 16:38:26'),
(235, 28, 'EA', '2019-12-10 16:38:26'),
(235, 29, 'A', '2019-12-10 16:38:26'),
(235, 30, 'A', '2019-12-10 16:38:26'),
(235, 34, 'NA', '2019-12-10 16:38:26'),
(235, 35, 'NA', '2019-12-10 16:38:26'),
(235, 40, 'NA', '2019-12-10 16:38:26'),
(235, 44, 'NA', '2019-12-10 16:38:26'),
(235, 45, 'EA', '2019-12-10 16:38:26'),
(235, 46, 'EA', '2019-12-10 16:38:26'),
(235, 47, 'A', '2019-12-10 16:38:26'),
(235, 52, 'A', '2019-12-10 16:38:26'),
(235, 53, 'NA', '2019-12-10 16:38:26'),
(235, 54, 'A', '2019-12-10 16:38:26'),
(235, 55, 'EA', '2019-12-10 16:38:26'),
(236, 5, 'EA', '2019-12-10 16:38:26'),
(236, 6, 'A', '2019-12-10 16:38:26'),
(236, 7, 'NA', '2019-12-10 16:38:26'),
(236, 11, 'A', '2019-12-10 16:38:26'),
(236, 12, 'NA', '2019-12-10 16:38:26'),
(236, 13, 'NA', '2019-12-10 16:38:26'),
(236, 21, 'EA', '2019-12-10 16:38:26'),
(236, 22, 'NA', '2019-12-10 16:38:26'),
(236, 27, 'NA', '2019-12-10 16:38:26'),
(236, 28, 'NA', '2019-12-10 16:38:26'),
(236, 29, 'A', '2019-12-10 16:38:26'),
(236, 30, 'NA', '2019-12-10 16:38:26'),
(236, 34, 'A', '2019-12-10 16:38:26'),
(236, 35, 'A', '2019-12-10 16:38:26'),
(236, 40, 'A', '2019-12-10 16:38:26'),
(236, 44, 'A', '2019-12-10 16:38:26'),
(236, 45, 'NA', '2019-12-10 16:38:26'),
(236, 46, 'A', '2019-12-10 16:38:26'),
(236, 47, 'A', '2019-12-10 16:38:26'),
(236, 52, 'A', '2019-12-10 16:38:26'),
(236, 53, 'A', '2019-12-10 16:38:26'),
(236, 54, 'A', '2019-12-10 16:38:26'),
(236, 55, 'A', '2019-12-10 16:38:26'),
(237, 5, 'A', '2019-12-10 16:38:26'),
(237, 6, 'A', '2019-12-10 16:38:26'),
(237, 7, 'NA', '2019-12-10 16:38:26'),
(237, 11, 'EA', '2019-12-10 16:38:26'),
(237, 12, 'NA', '2019-12-10 16:38:26'),
(237, 13, 'A', '2019-12-10 16:38:26'),
(237, 21, 'A', '2019-12-10 16:38:26'),
(237, 22, 'NA', '2019-12-10 16:38:26'),
(237, 27, 'A', '2019-12-10 16:38:26'),
(237, 28, 'A', '2019-12-10 16:38:26'),
(237, 29, 'NA', '2019-12-10 16:38:26'),
(237, 30, 'A', '2019-12-10 16:38:26'),
(237, 34, 'EA', '2019-12-10 16:38:26'),
(237, 35, 'A', '2019-12-10 16:38:26'),
(237, 40, 'A', '2019-12-10 16:38:27'),
(237, 44, 'NA', '2019-12-10 16:38:27'),
(237, 45, 'A', '2019-12-10 16:38:27'),
(237, 46, 'NA', '2019-12-10 16:38:27'),
(237, 47, 'EA', '2019-12-10 16:38:27'),
(237, 52, 'A', '2019-12-10 16:38:27'),
(237, 53, 'NA', '2019-12-10 16:38:27'),
(237, 54, 'A', '2019-12-10 16:38:27'),
(237, 55, 'NA', '2019-12-10 16:38:27'),
(238, 5, 'A', '2019-12-10 16:38:27'),
(238, 6, 'A', '2019-12-10 16:38:27'),
(238, 7, 'A', '2019-12-10 16:38:27'),
(238, 11, 'EA', '2019-12-10 16:38:27'),
(238, 12, 'A', '2019-12-10 16:38:27'),
(238, 13, 'A', '2019-12-10 16:38:27'),
(238, 21, 'A', '2019-12-10 16:38:27'),
(238, 22, 'EA', '2019-12-10 16:38:27'),
(238, 27, 'NA', '2019-12-10 16:38:27'),
(238, 28, 'A', '2019-12-10 16:38:27'),
(238, 29, 'A', '2019-12-10 16:38:27'),
(238, 30, 'EA', '2019-12-10 16:38:27'),
(238, 34, 'NA', '2019-12-10 16:38:27'),
(238, 35, 'NA', '2019-12-10 16:38:27'),
(238, 40, 'A', '2019-12-10 16:38:27'),
(238, 44, 'A', '2019-12-10 16:38:27'),
(238, 45, 'NA', '2019-12-10 16:38:27'),
(238, 46, 'NA', '2019-12-10 16:38:27'),
(238, 47, 'A', '2019-12-10 16:38:27'),
(238, 52, 'A', '2019-12-10 16:38:27'),
(238, 53, 'A', '2019-12-10 16:38:27'),
(238, 54, 'A', '2019-12-10 16:38:27'),
(238, 55, 'EA', '2019-12-10 16:38:27'),
(239, 5, 'EA', '2019-12-10 16:38:27'),
(239, 6, 'NA', '2019-12-10 16:38:27'),
(239, 7, 'EA', '2019-12-10 16:38:27'),
(239, 11, 'NA', '2019-12-10 16:38:27'),
(239, 12, 'A', '2019-12-10 16:38:27'),
(239, 13, 'NA', '2019-12-10 16:38:27'),
(239, 21, 'A', '2019-12-10 16:38:27'),
(239, 22, 'A', '2019-12-10 16:38:27'),
(239, 27, 'A', '2019-12-10 16:38:27'),
(239, 28, 'A', '2019-12-10 16:38:27'),
(239, 29, 'A', '2019-12-10 16:38:27'),
(239, 30, 'EA', '2019-12-10 16:38:27'),
(239, 34, 'EA', '2019-12-10 16:38:27'),
(239, 35, 'A', '2019-12-10 16:38:27'),
(239, 40, 'A', '2019-12-10 16:38:27'),
(239, 44, 'NA', '2019-12-10 16:38:27'),
(239, 45, 'EA', '2019-12-10 16:38:27'),
(239, 46, 'NA', '2019-12-10 16:38:27'),
(239, 47, 'A', '2019-12-10 16:38:27'),
(239, 52, 'A', '2019-12-10 16:38:27'),
(239, 53, 'A', '2019-12-10 16:38:27'),
(239, 54, 'A', '2019-12-10 16:38:27'),
(239, 55, 'NA', '2019-12-10 16:38:27'),
(240, 5, 'A', '2019-12-10 16:38:27'),
(240, 6, 'A', '2019-12-10 16:38:27'),
(240, 7, 'A', '2019-12-10 16:38:27'),
(240, 11, 'A', '2019-12-10 16:38:27'),
(240, 12, 'NA', '2019-12-10 16:38:27'),
(240, 13, 'A', '2019-12-10 16:38:27'),
(240, 21, 'A', '2019-12-10 16:38:27'),
(240, 22, 'NA', '2019-12-10 16:38:27'),
(240, 27, 'EA', '2019-12-10 16:38:27'),
(240, 28, 'A', '2019-12-10 16:38:27'),
(240, 29, 'EA', '2019-12-10 16:38:27'),
(240, 30, 'EA', '2019-12-10 16:38:27'),
(240, 34, 'A', '2019-12-10 16:38:27'),
(240, 35, 'A', '2019-12-10 16:38:27'),
(240, 40, 'NA', '2019-12-10 16:38:27'),
(240, 44, 'EA', '2019-12-10 16:38:27'),
(240, 45, 'A', '2019-12-10 16:38:27'),
(240, 46, 'NA', '2019-12-10 16:38:27'),
(240, 47, 'NA', '2019-12-10 16:38:27'),
(240, 52, 'A', '2019-12-10 16:38:27'),
(240, 53, 'A', '2019-12-10 16:38:27'),
(240, 54, 'NA', '2019-12-10 16:38:27'),
(240, 55, 'A', '2019-12-10 16:38:27'),
(241, 5, 'EA', '2019-12-10 16:38:27'),
(241, 6, 'A', '2019-12-10 16:38:27'),
(241, 7, 'A', '2019-12-10 16:38:27'),
(241, 11, 'EA', '2019-12-10 16:38:27'),
(241, 12, 'A', '2019-12-10 16:38:27'),
(241, 13, 'A', '2019-12-10 16:38:27'),
(241, 21, 'A', '2019-12-10 16:38:27'),
(241, 22, 'NA', '2019-12-10 16:38:27'),
(241, 27, 'EA', '2019-12-10 16:38:27'),
(241, 28, 'A', '2019-12-10 16:38:27'),
(241, 29, 'A', '2019-12-10 16:38:27'),
(241, 30, 'A', '2019-12-10 16:38:27'),
(241, 34, 'EA', '2019-12-10 16:38:27'),
(241, 35, 'NA', '2019-12-10 16:38:27'),
(241, 40, 'EA', '2019-12-10 16:38:27'),
(241, 44, 'NA', '2019-12-10 16:38:27'),
(241, 45, 'EA', '2019-12-10 16:38:27'),
(241, 46, 'A', '2019-12-10 16:38:27'),
(241, 47, 'EA', '2019-12-10 16:38:27'),
(241, 52, 'A', '2019-12-10 16:38:27'),
(241, 53, 'A', '2019-12-10 16:38:27'),
(241, 54, 'A', '2019-12-10 16:38:27'),
(241, 55, 'A', '2019-12-10 16:38:27'),
(242, 5, 'NA', '2019-12-10 16:38:27'),
(242, 6, 'NA', '2019-12-10 16:38:27'),
(242, 7, 'A', '2019-12-10 16:38:27'),
(242, 11, 'A', '2019-12-10 16:38:27'),
(242, 12, 'A', '2019-12-10 16:38:27'),
(242, 13, 'A', '2019-12-10 16:38:27'),
(242, 21, 'A', '2019-12-10 16:38:27'),
(242, 22, 'A', '2019-12-10 16:38:27'),
(242, 27, 'EA', '2019-12-10 16:38:27'),
(242, 28, 'A', '2019-12-10 16:38:27'),
(242, 29, 'EA', '2019-12-10 16:38:27'),
(242, 30, 'NA', '2019-12-10 16:38:27'),
(242, 34, 'A', '2019-12-10 16:38:27'),
(242, 35, 'A', '2019-12-10 16:38:27'),
(242, 40, 'A', '2019-12-10 16:38:27'),
(242, 44, 'NA', '2019-12-10 16:38:27'),
(242, 45, 'A', '2019-12-10 16:38:27'),
(242, 46, 'EA', '2019-12-10 16:38:27'),
(242, 47, 'EA', '2019-12-10 16:38:27'),
(242, 52, 'NA', '2019-12-10 16:38:27'),
(242, 53, 'A', '2019-12-10 16:38:27'),
(242, 54, 'NA', '2019-12-10 16:38:27'),
(242, 55, 'A', '2019-12-10 16:38:27'),
(243, 5, 'A', '2019-12-10 16:38:27'),
(243, 6, 'A', '2019-12-10 16:38:27'),
(243, 7, 'A', '2019-12-10 16:38:27'),
(243, 11, 'A', '2019-12-10 16:38:27'),
(243, 12, 'NA', '2019-12-10 16:38:27'),
(243, 13, 'A', '2019-12-10 16:38:27'),
(243, 21, 'A', '2019-12-10 16:38:27'),
(243, 22, 'NA', '2019-12-10 16:38:27'),
(243, 27, 'EA', '2019-12-10 16:38:27'),
(243, 28, 'EA', '2019-12-10 16:38:27'),
(243, 29, 'EA', '2019-12-10 16:38:27'),
(243, 30, 'A', '2019-12-10 16:38:27'),
(243, 34, 'A', '2019-12-10 16:38:27'),
(243, 35, 'A', '2019-12-10 16:38:27'),
(243, 40, 'EA', '2019-12-10 16:38:27'),
(243, 44, 'A', '2019-12-10 16:38:27'),
(243, 45, 'A', '2019-12-10 16:38:27'),
(243, 46, 'A', '2019-12-10 16:38:27'),
(243, 47, 'EA', '2019-12-10 16:38:27'),
(243, 52, 'A', '2019-12-10 16:38:27'),
(243, 53, 'NA', '2019-12-10 16:38:27'),
(243, 54, 'A', '2019-12-10 16:38:27'),
(243, 55, 'NA', '2019-12-10 16:38:27'),
(244, 5, 'A', '2019-12-10 16:38:27'),
(244, 6, 'EA', '2019-12-10 16:38:27'),
(244, 7, 'NA', '2019-12-10 16:38:27'),
(244, 11, 'A', '2019-12-10 16:38:27'),
(244, 12, 'A', '2019-12-10 16:38:27'),
(244, 13, 'A', '2019-12-10 16:38:27'),
(244, 21, 'A', '2019-12-10 16:38:27'),
(244, 22, 'EA', '2019-12-10 16:38:27'),
(244, 27, 'A', '2019-12-10 16:38:27'),
(244, 28, 'A', '2019-12-10 16:38:27'),
(244, 29, 'NA', '2019-12-10 16:38:27'),
(244, 30, 'A', '2019-12-10 16:38:27'),
(244, 34, 'A', '2019-12-10 16:38:27'),
(244, 35, 'A', '2019-12-10 16:38:27'),
(244, 40, 'A', '2019-12-10 16:38:27'),
(244, 44, 'A', '2019-12-10 16:38:27'),
(244, 45, 'A', '2019-12-10 16:38:27'),
(244, 46, 'EA', '2019-12-10 16:38:27'),
(244, 47, 'A', '2019-12-10 16:38:27'),
(244, 52, 'A', '2019-12-10 16:38:27'),
(244, 53, 'NA', '2019-12-10 16:38:27'),
(244, 54, 'EA', '2019-12-10 16:38:27'),
(244, 55, 'A', '2019-12-10 16:38:27'),
(245, 5, 'A', '2019-12-10 16:38:27'),
(245, 6, 'A', '2019-12-10 16:38:27'),
(245, 7, 'A', '2019-12-10 16:38:27'),
(245, 11, 'A', '2019-12-10 16:38:27'),
(245, 12, 'EA', '2019-12-10 16:38:27'),
(245, 13, 'EA', '2019-12-10 16:38:27'),
(245, 21, 'A', '2019-12-10 16:38:27'),
(245, 22, 'A', '2019-12-10 16:38:27'),
(245, 27, 'A', '2019-12-10 16:38:27'),
(245, 28, 'NA', '2019-12-10 16:38:27'),
(245, 29, 'A', '2019-12-10 16:38:27'),
(245, 30, 'A', '2019-12-10 16:38:27'),
(245, 34, 'A', '2019-12-10 16:38:27'),
(245, 35, 'A', '2019-12-10 16:38:27'),
(245, 40, 'A', '2019-12-10 16:38:27'),
(245, 44, 'EA', '2019-12-10 16:38:27'),
(245, 45, 'A', '2019-12-10 16:38:27'),
(245, 46, 'A', '2019-12-10 16:38:27'),
(245, 47, 'A', '2019-12-10 16:38:27'),
(245, 52, 'A', '2019-12-10 16:38:27'),
(245, 53, 'EA', '2019-12-10 16:38:27'),
(245, 54, 'A', '2019-12-10 16:38:27'),
(245, 55, 'A', '2019-12-10 16:38:27'),
(246, 5, 'EA', '2019-12-10 16:38:27'),
(246, 6, 'A', '2019-12-10 16:38:27'),
(246, 7, 'NA', '2019-12-10 16:38:27'),
(246, 11, 'EA', '2019-12-10 16:38:27'),
(246, 12, 'NA', '2019-12-10 16:38:27'),
(246, 13, 'A', '2019-12-10 16:38:27'),
(246, 21, 'EA', '2019-12-10 16:38:27'),
(246, 22, 'A', '2019-12-10 16:38:27'),
(246, 27, 'NA', '2019-12-10 16:38:27'),
(246, 28, 'A', '2019-12-10 16:38:27'),
(246, 29, 'EA', '2019-12-10 16:38:27'),
(246, 30, 'A', '2019-12-10 16:38:27'),
(246, 34, 'A', '2019-12-10 16:38:27'),
(246, 35, 'A', '2019-12-10 16:38:27'),
(246, 40, 'A', '2019-12-10 16:38:28'),
(246, 44, 'A', '2019-12-10 16:38:28'),
(246, 45, 'NA', '2019-12-10 16:38:28'),
(246, 46, 'NA', '2019-12-10 16:38:28'),
(246, 47, 'A', '2019-12-10 16:38:28'),
(246, 52, 'NA', '2019-12-10 16:38:28'),
(246, 53, 'NA', '2019-12-10 16:38:28'),
(246, 54, 'A', '2019-12-10 16:38:28'),
(246, 55, 'NA', '2019-12-10 16:38:28'),
(247, 5, 'NA', '2019-12-10 16:38:28'),
(247, 6, 'A', '2019-12-10 16:38:28'),
(247, 7, 'A', '2019-12-10 16:38:28'),
(247, 11, 'EA', '2019-12-10 16:38:28'),
(247, 12, 'A', '2019-12-10 16:38:28'),
(247, 13, 'A', '2019-12-10 16:38:28'),
(247, 21, 'A', '2019-12-10 16:38:28'),
(247, 22, 'A', '2019-12-10 16:38:28'),
(247, 27, 'A', '2019-12-10 16:38:28'),
(247, 28, 'A', '2019-12-10 16:38:28'),
(247, 29, 'A', '2019-12-10 16:38:28'),
(247, 30, 'A', '2019-12-10 16:38:28'),
(247, 34, 'NA', '2019-12-10 16:38:28'),
(247, 35, 'EA', '2019-12-10 16:38:28'),
(247, 40, 'A', '2019-12-10 16:38:28'),
(247, 44, 'EA', '2019-12-10 16:38:28'),
(247, 45, 'NA', '2019-12-10 16:38:28'),
(247, 46, 'NA', '2019-12-10 16:38:28'),
(247, 47, 'EA', '2019-12-10 16:38:28'),
(247, 52, 'EA', '2019-12-10 16:38:28'),
(247, 53, 'A', '2019-12-10 16:38:28'),
(247, 54, 'A', '2019-12-10 16:38:28'),
(247, 55, 'NA', '2019-12-10 16:38:28'),
(248, 5, 'NA', '2019-12-10 16:38:28'),
(248, 6, 'A', '2019-12-10 16:38:28'),
(248, 7, 'NA', '2019-12-10 16:38:28'),
(248, 11, 'A', '2019-12-10 16:38:28'),
(248, 12, 'A', '2019-12-10 16:38:28'),
(248, 13, 'EA', '2019-12-10 16:38:28'),
(248, 21, 'A', '2019-12-10 16:38:28'),
(248, 22, 'A', '2019-12-10 16:38:28'),
(248, 27, 'NA', '2019-12-10 16:38:28'),
(248, 28, 'A', '2019-12-10 16:38:28'),
(248, 29, 'EA', '2019-12-10 16:38:28'),
(248, 30, 'NA', '2019-12-10 16:38:28'),
(248, 34, 'A', '2019-12-10 16:38:28'),
(248, 35, 'NA', '2019-12-10 16:38:28'),
(248, 40, 'A', '2019-12-10 16:38:28'),
(248, 44, 'A', '2019-12-10 16:38:28'),
(248, 45, 'A', '2019-12-10 16:38:28'),
(248, 46, 'A', '2019-12-10 16:38:28'),
(248, 47, 'EA', '2019-12-10 16:38:28'),
(248, 52, 'NA', '2019-12-10 16:38:28'),
(248, 53, 'A', '2019-12-10 16:38:28'),
(248, 54, 'A', '2019-12-10 16:38:28'),
(248, 55, 'A', '2019-12-10 16:38:28'),
(249, 5, 'A', '2019-12-10 16:38:28'),
(249, 6, 'EA', '2019-12-10 16:38:28'),
(249, 7, 'A', '2019-12-10 16:38:28'),
(249, 11, 'NA', '2019-12-10 16:38:28'),
(249, 12, 'A', '2019-12-10 16:38:28'),
(249, 13, 'A', '2019-12-10 16:38:28'),
(249, 21, 'A', '2019-12-10 16:38:28'),
(249, 22, 'A', '2019-12-10 16:38:28'),
(249, 27, 'A', '2019-12-10 16:38:28'),
(249, 28, 'A', '2019-12-10 16:38:28'),
(249, 29, 'A', '2019-12-10 16:38:28'),
(249, 30, 'NA', '2019-12-10 16:38:28'),
(249, 34, 'NA', '2019-12-10 16:38:28'),
(249, 35, 'A', '2019-12-10 16:38:28'),
(249, 40, 'A', '2019-12-10 16:38:28'),
(249, 44, 'NA', '2019-12-10 16:38:28'),
(249, 45, 'A', '2019-12-10 16:38:28'),
(249, 46, 'NA', '2019-12-10 16:38:28'),
(249, 47, 'A', '2019-12-10 16:38:28'),
(249, 52, 'A', '2019-12-10 16:38:28'),
(249, 53, 'EA', '2019-12-10 16:38:28'),
(249, 54, 'NA', '2019-12-10 16:38:28'),
(249, 55, 'EA', '2019-12-10 16:38:28'),
(250, 5, 'NA', '2019-12-10 16:38:28'),
(250, 6, 'EA', '2019-12-10 16:38:28'),
(250, 7, 'A', '2019-12-10 16:38:28'),
(250, 11, 'A', '2019-12-10 16:38:28'),
(250, 12, 'EA', '2019-12-10 16:38:28'),
(250, 13, 'A', '2019-12-10 16:38:28'),
(250, 21, 'NA', '2019-12-10 16:38:28'),
(250, 22, 'A', '2019-12-10 16:38:28'),
(250, 27, 'EA', '2019-12-10 16:38:28'),
(250, 28, 'EA', '2019-12-10 16:38:28'),
(250, 29, 'A', '2019-12-10 16:38:28'),
(250, 30, 'A', '2019-12-10 16:38:28'),
(250, 34, 'EA', '2019-12-10 16:38:28'),
(250, 35, 'A', '2019-12-10 16:38:28'),
(250, 40, 'EA', '2019-12-10 16:38:28'),
(250, 44, 'EA', '2019-12-10 16:38:28'),
(250, 45, 'NA', '2019-12-10 16:38:28'),
(250, 46, 'NA', '2019-12-10 16:38:28'),
(250, 47, 'EA', '2019-12-10 16:38:28'),
(250, 52, 'A', '2019-12-10 16:38:28'),
(250, 53, 'NA', '2019-12-10 16:38:28'),
(250, 54, 'NA', '2019-12-10 16:38:28'),
(250, 55, 'A', '2019-12-10 16:38:28'),
(251, 5, 'A', '2019-12-10 16:38:28'),
(251, 6, 'EA', '2019-12-10 16:38:28'),
(251, 7, 'A', '2019-12-10 16:38:28'),
(251, 11, 'EA', '2019-12-10 16:38:28'),
(251, 12, 'EA', '2019-12-10 16:38:28'),
(251, 13, 'A', '2019-12-10 16:38:28'),
(251, 21, 'A', '2019-12-10 16:38:28'),
(251, 22, 'A', '2019-12-10 16:38:28'),
(251, 27, 'A', '2019-12-10 16:38:28'),
(251, 28, 'NA', '2019-12-10 16:38:28'),
(251, 29, 'A', '2019-12-10 16:38:28'),
(251, 30, 'A', '2019-12-10 16:38:28'),
(251, 34, 'NA', '2019-12-10 16:38:28'),
(251, 35, 'NA', '2019-12-10 16:38:28'),
(251, 40, 'A', '2019-12-10 16:38:28'),
(251, 44, 'EA', '2019-12-10 16:38:28'),
(251, 45, 'NA', '2019-12-10 16:38:28'),
(251, 46, 'A', '2019-12-10 16:38:28'),
(251, 47, 'NA', '2019-12-10 16:38:28'),
(251, 52, 'EA', '2019-12-10 16:38:28'),
(251, 53, 'A', '2019-12-10 16:38:28'),
(251, 54, 'A', '2019-12-10 16:38:28'),
(251, 55, 'A', '2019-12-10 16:38:28'),
(252, 5, 'A', '2019-12-10 16:38:28'),
(252, 6, 'A', '2019-12-10 16:38:28'),
(252, 7, 'A', '2019-12-10 16:38:28'),
(252, 11, 'A', '2019-12-10 16:38:28'),
(252, 12, 'A', '2019-12-10 16:38:28'),
(252, 13, 'NA', '2019-12-10 16:38:28'),
(252, 21, 'EA', '2019-12-10 16:38:28'),
(252, 22, 'A', '2019-12-10 16:38:28'),
(252, 27, 'A', '2019-12-10 16:38:28'),
(252, 28, 'A', '2019-12-10 16:38:28'),
(252, 29, 'A', '2019-12-10 16:38:28'),
(252, 30, 'NA', '2019-12-10 16:38:28'),
(252, 34, 'NA', '2019-12-10 16:38:28'),
(252, 35, 'NA', '2019-12-10 16:38:28'),
(252, 40, 'EA', '2019-12-10 16:38:28'),
(252, 44, 'A', '2019-12-10 16:38:29'),
(252, 45, 'NA', '2019-12-10 16:38:29'),
(252, 46, 'NA', '2019-12-10 16:38:29'),
(252, 47, 'A', '2019-12-10 16:38:29'),
(252, 52, 'A', '2019-12-10 16:38:29'),
(252, 53, 'NA', '2019-12-10 16:38:29'),
(252, 54, 'A', '2019-12-10 16:38:29'),
(252, 55, 'A', '2019-12-10 16:38:29'),
(253, 5, 'A', '2019-12-10 16:38:29'),
(253, 6, 'A', '2019-12-10 16:38:29'),
(253, 7, 'A', '2019-12-10 16:38:29'),
(253, 11, 'A', '2019-12-10 16:38:29'),
(253, 12, 'NA', '2019-12-10 16:38:29'),
(253, 13, 'NA', '2019-12-10 16:38:29'),
(253, 21, 'A', '2019-12-10 16:38:29'),
(253, 22, 'A', '2019-12-10 16:38:29'),
(253, 27, 'A', '2019-12-10 16:38:29'),
(253, 28, 'NA', '2019-12-10 16:38:29'),
(253, 29, 'A', '2019-12-10 16:38:29'),
(253, 30, 'A', '2019-12-10 16:38:29'),
(253, 34, 'A', '2019-12-10 16:38:29'),
(253, 35, 'NA', '2019-12-10 16:38:29'),
(253, 40, 'A', '2019-12-10 16:38:29'),
(253, 44, 'NA', '2019-12-10 16:38:29'),
(253, 45, 'A', '2019-12-10 16:38:29'),
(253, 46, 'A', '2019-12-10 16:38:29'),
(253, 47, 'NA', '2019-12-10 16:38:29'),
(253, 52, 'A', '2019-12-10 16:38:29'),
(253, 53, 'A', '2019-12-10 16:38:29'),
(253, 54, 'A', '2019-12-10 16:38:29'),
(253, 55, 'A', '2019-12-10 16:38:29'),
(254, 5, 'NA', '2019-12-10 16:38:29'),
(254, 6, 'A', '2019-12-10 16:38:29'),
(254, 7, 'EA', '2019-12-10 16:38:29'),
(254, 11, 'A', '2019-12-10 16:38:29'),
(254, 12, 'A', '2019-12-10 16:38:29'),
(254, 13, 'A', '2019-12-10 16:38:29'),
(254, 21, 'A', '2019-12-10 16:38:29'),
(254, 22, 'A', '2019-12-10 16:38:29'),
(254, 27, 'A', '2019-12-10 16:38:29'),
(254, 28, 'NA', '2019-12-10 16:38:29'),
(254, 29, 'NA', '2019-12-10 16:38:29'),
(254, 30, 'NA', '2019-12-10 16:38:29'),
(254, 34, 'NA', '2019-12-10 16:38:29'),
(254, 35, 'EA', '2019-12-10 16:38:29'),
(254, 40, 'A', '2019-12-10 16:38:29'),
(254, 44, 'A', '2019-12-10 16:38:29'),
(254, 45, 'A', '2019-12-10 16:38:29'),
(254, 46, 'NA', '2019-12-10 16:38:29'),
(254, 47, 'NA', '2019-12-10 16:38:29'),
(254, 52, 'EA', '2019-12-10 16:38:29'),
(254, 53, 'A', '2019-12-10 16:38:29'),
(254, 54, 'A', '2019-12-10 16:38:29'),
(254, 55, 'EA', '2019-12-10 16:38:29'),
(255, 5, 'A', '2019-12-10 16:38:29'),
(255, 6, 'NA', '2019-12-10 16:38:29'),
(255, 7, 'NA', '2019-12-10 16:38:29'),
(255, 11, 'A', '2019-12-10 16:38:29'),
(255, 12, 'EA', '2019-12-10 16:38:29'),
(255, 13, 'A', '2019-12-10 16:38:29'),
(255, 21, 'NA', '2019-12-10 16:38:29'),
(255, 22, 'A', '2019-12-10 16:38:29'),
(255, 27, 'NA', '2019-12-10 16:38:29'),
(255, 28, 'A', '2019-12-10 16:38:29'),
(255, 29, 'A', '2019-12-10 16:38:29'),
(255, 30, 'A', '2019-12-10 16:38:29'),
(255, 34, 'A', '2019-12-10 16:38:29'),
(255, 35, 'A', '2019-12-10 16:38:29'),
(255, 40, 'EA', '2019-12-10 16:38:29'),
(255, 44, 'A', '2019-12-10 16:38:29'),
(255, 45, 'A', '2019-12-10 16:38:29'),
(255, 46, 'A', '2019-12-10 16:38:29'),
(255, 47, 'NA', '2019-12-10 16:38:29'),
(255, 52, 'A', '2019-12-10 16:38:29'),
(255, 53, 'A', '2019-12-10 16:38:29'),
(255, 54, 'NA', '2019-12-10 16:38:29'),
(255, 55, 'NA', '2019-12-10 16:38:29'),
(256, 5, 'EA', '2019-12-10 16:38:29'),
(256, 6, 'EA', '2019-12-10 16:38:29'),
(256, 7, 'A', '2019-12-10 16:38:29'),
(256, 11, 'A', '2019-12-10 16:38:29'),
(256, 12, 'A', '2019-12-10 16:38:29'),
(256, 13, 'A', '2019-12-10 16:38:29'),
(256, 21, 'A', '2019-12-10 16:38:29'),
(256, 22, 'A', '2019-12-10 16:38:29'),
(256, 27, 'A', '2019-12-10 16:38:29'),
(256, 28, 'A', '2019-12-10 16:38:29'),
(256, 29, 'A', '2019-12-10 16:38:29'),
(256, 30, 'A', '2019-12-10 16:38:29'),
(256, 34, 'A', '2019-12-10 16:38:29'),
(256, 35, 'A', '2019-12-10 16:38:29'),
(256, 40, 'NA', '2019-12-10 16:38:29'),
(256, 44, 'A', '2019-12-10 16:38:29'),
(256, 45, 'EA', '2019-12-10 16:38:29'),
(256, 46, 'A', '2019-12-10 16:38:29'),
(256, 47, 'A', '2019-12-10 16:38:29'),
(256, 52, 'NA', '2019-12-10 16:38:29'),
(256, 53, 'EA', '2019-12-10 16:38:29'),
(256, 54, 'A', '2019-12-10 16:38:29'),
(256, 55, 'A', '2019-12-10 16:38:29'),
(257, 5, 'A', '2019-12-10 16:38:29'),
(257, 6, 'NA', '2019-12-10 16:38:29'),
(257, 7, 'NA', '2019-12-10 16:38:29'),
(257, 11, 'A', '2019-12-10 16:38:29'),
(257, 12, 'NA', '2019-12-10 16:38:29'),
(257, 13, 'EA', '2019-12-10 16:38:29'),
(257, 21, 'NA', '2019-12-10 16:38:29'),
(257, 22, 'A', '2019-12-10 16:38:29'),
(257, 27, 'A', '2019-12-10 16:38:29'),
(257, 28, 'NA', '2019-12-10 16:38:29'),
(257, 29, 'A', '2019-12-10 16:38:29'),
(257, 30, 'EA', '2019-12-10 16:38:29'),
(257, 34, 'NA', '2019-12-10 16:38:29'),
(257, 35, 'A', '2019-12-10 16:38:29'),
(257, 40, 'NA', '2019-12-10 16:38:29'),
(257, 44, 'A', '2019-12-10 16:38:29'),
(257, 45, 'A', '2019-12-10 16:38:29'),
(257, 46, 'EA', '2019-12-10 16:38:29'),
(257, 47, 'EA', '2019-12-10 16:38:29'),
(257, 52, 'A', '2019-12-10 16:38:29'),
(257, 53, 'A', '2019-12-10 16:38:29'),
(257, 54, 'A', '2019-12-10 16:38:29'),
(257, 55, 'A', '2019-12-10 16:38:29'),
(258, 5, 'A', '2019-12-10 16:38:29'),
(258, 6, 'NA', '2019-12-10 16:38:29'),
(258, 7, 'EA', '2019-12-10 16:38:29'),
(258, 11, 'NA', '2019-12-10 16:38:29'),
(258, 12, 'EA', '2019-12-10 16:38:29'),
(258, 13, 'A', '2019-12-10 16:38:29'),
(258, 21, 'NA', '2019-12-10 16:38:29'),
(258, 22, 'NA', '2019-12-10 16:38:29'),
(258, 27, 'NA', '2019-12-10 16:38:29'),
(258, 28, 'EA', '2019-12-10 16:38:29'),
(258, 29, 'NA', '2019-12-10 16:38:29'),
(258, 30, 'NA', '2019-12-10 16:38:29'),
(258, 34, 'A', '2019-12-10 16:38:29'),
(258, 35, 'A', '2019-12-10 16:38:29'),
(258, 40, 'EA', '2019-12-10 16:38:29'),
(258, 44, 'EA', '2019-12-10 16:38:29'),
(258, 45, 'EA', '2019-12-10 16:38:29'),
(258, 46, 'A', '2019-12-10 16:38:29'),
(258, 47, 'A', '2019-12-10 16:38:29'),
(258, 52, 'A', '2019-12-10 16:38:29'),
(258, 53, 'EA', '2019-12-10 16:38:29'),
(258, 54, 'A', '2019-12-10 16:38:29'),
(258, 55, 'NA', '2019-12-10 16:38:29'),
(259, 5, 'NA', '2019-12-10 16:38:30'),
(259, 6, 'A', '2019-12-10 16:38:30'),
(259, 7, 'NA', '2019-12-10 16:38:30'),
(259, 11, 'NA', '2019-12-10 16:38:30'),
(259, 12, 'A', '2019-12-10 16:38:30'),
(259, 13, 'NA', '2019-12-10 16:38:30'),
(259, 21, 'A', '2019-12-10 16:38:30'),
(259, 22, 'EA', '2019-12-10 16:38:30'),
(259, 27, 'A', '2019-12-10 16:38:30'),
(259, 28, 'A', '2019-12-10 16:38:30'),
(259, 29, 'EA', '2019-12-10 16:38:30'),
(259, 30, 'A', '2019-12-10 16:38:30'),
(259, 34, 'EA', '2019-12-10 16:38:30'),
(259, 35, 'NA', '2019-12-10 16:38:30'),
(259, 40, 'NA', '2019-12-10 16:38:30'),
(259, 44, 'NA', '2019-12-10 16:38:30'),
(259, 45, 'NA', '2019-12-10 16:38:30'),
(259, 46, 'NA', '2019-12-10 16:38:30'),
(259, 47, 'EA', '2019-12-10 16:38:30'),
(259, 52, 'A', '2019-12-10 16:38:30'),
(259, 53, 'A', '2019-12-10 16:38:30'),
(259, 54, 'A', '2019-12-10 16:38:30'),
(259, 55, 'A', '2019-12-10 16:38:30'),
(260, 5, 'A', '2019-12-10 16:38:30'),
(260, 6, 'A', '2019-12-10 16:38:30'),
(260, 7, 'A', '2019-12-10 16:38:30'),
(260, 11, 'NA', '2019-12-10 16:38:30'),
(260, 12, 'A', '2019-12-10 16:38:30'),
(260, 13, 'A', '2019-12-10 16:38:30'),
(260, 21, 'EA', '2019-12-10 16:38:30'),
(260, 22, 'A', '2019-12-10 16:38:30'),
(260, 27, 'EA', '2019-12-10 16:38:30'),
(260, 28, 'NA', '2019-12-10 16:38:30'),
(260, 29, 'A', '2019-12-10 16:38:30'),
(260, 30, 'A', '2019-12-10 16:38:30'),
(260, 34, 'A', '2019-12-10 16:38:30'),
(260, 35, 'A', '2019-12-10 16:38:30'),
(260, 40, 'A', '2019-12-10 16:38:30'),
(260, 44, 'EA', '2019-12-10 16:38:30'),
(260, 45, 'EA', '2019-12-10 16:38:30'),
(260, 46, 'A', '2019-12-10 16:38:30'),
(260, 47, 'A', '2019-12-10 16:38:30'),
(260, 52, 'NA', '2019-12-10 16:38:30'),
(260, 53, 'NA', '2019-12-10 16:38:30'),
(260, 54, 'NA', '2019-12-10 16:38:30'),
(260, 55, 'A', '2019-12-10 16:38:30'),
(261, 5, 'NA', '2019-12-10 16:38:30'),
(261, 6, 'A', '2019-12-10 16:38:30'),
(261, 7, 'NA', '2019-12-10 16:38:30'),
(261, 11, 'A', '2019-12-10 16:38:30'),
(261, 12, 'NA', '2019-12-10 16:38:30'),
(261, 13, 'NA', '2019-12-10 16:38:30'),
(261, 21, 'EA', '2019-12-10 16:38:30'),
(261, 22, 'A', '2019-12-10 16:38:30'),
(261, 27, 'A', '2019-12-10 16:38:30'),
(261, 28, 'NA', '2019-12-10 16:38:30'),
(261, 29, 'A', '2019-12-10 16:38:30'),
(261, 30, 'EA', '2019-12-10 16:38:30'),
(261, 34, 'NA', '2019-12-10 16:38:30'),
(261, 35, 'A', '2019-12-10 16:38:30'),
(261, 40, 'A', '2019-12-10 16:38:30'),
(261, 44, 'EA', '2019-12-10 16:38:30'),
(261, 45, 'A', '2019-12-10 16:38:30'),
(261, 46, 'EA', '2019-12-10 16:38:30'),
(261, 47, 'A', '2019-12-10 16:38:30'),
(261, 52, 'A', '2019-12-10 16:38:30'),
(261, 53, 'EA', '2019-12-10 16:38:30'),
(261, 54, 'EA', '2019-12-10 16:38:30'),
(261, 55, 'EA', '2019-12-10 16:38:30'),
(262, 5, 'A', '2019-12-10 16:38:30'),
(262, 6, 'NA', '2019-12-10 16:38:30'),
(262, 7, 'NA', '2019-12-10 16:38:30'),
(262, 11, 'A', '2019-12-10 16:38:30'),
(262, 12, 'NA', '2019-12-10 16:38:30'),
(262, 13, 'A', '2019-12-10 16:38:30'),
(262, 21, 'A', '2019-12-10 16:38:30'),
(262, 22, 'EA', '2019-12-10 16:38:30'),
(262, 27, 'NA', '2019-12-10 16:38:30'),
(262, 28, 'NA', '2019-12-10 16:38:30'),
(262, 29, 'A', '2019-12-10 16:38:30'),
(262, 30, 'NA', '2019-12-10 16:38:30'),
(262, 34, 'EA', '2019-12-10 16:38:30'),
(262, 35, 'A', '2019-12-10 16:38:30'),
(262, 40, 'A', '2019-12-10 16:38:30'),
(262, 44, 'A', '2019-12-10 16:38:30'),
(262, 45, 'A', '2019-12-10 16:38:30'),
(262, 46, 'A', '2019-12-10 16:38:30'),
(262, 47, 'NA', '2019-12-10 16:38:30'),
(262, 52, 'NA', '2019-12-10 16:38:30'),
(262, 53, 'EA', '2019-12-10 16:38:30'),
(262, 54, 'NA', '2019-12-10 16:38:30'),
(262, 55, 'A', '2019-12-10 16:38:30'),
(263, 5, 'A', '2019-12-10 16:38:30'),
(263, 6, 'A', '2019-12-10 16:38:30'),
(263, 7, 'A', '2019-12-10 16:38:30'),
(263, 11, 'A', '2019-12-10 16:38:30'),
(263, 12, 'A', '2019-12-10 16:38:30'),
(263, 13, 'A', '2019-12-10 16:38:30'),
(263, 21, 'EA', '2019-12-10 16:38:30'),
(263, 22, 'A', '2019-12-10 16:38:30'),
(263, 27, 'A', '2019-12-10 16:38:30'),
(263, 28, 'NA', '2019-12-10 16:38:30'),
(263, 29, 'A', '2019-12-10 16:38:30'),
(263, 30, 'A', '2019-12-10 16:38:30'),
(263, 34, 'A', '2019-12-10 16:38:30'),
(263, 35, 'EA', '2019-12-10 16:38:30'),
(263, 40, 'EA', '2019-12-10 16:38:30'),
(263, 44, 'A', '2019-12-10 16:38:30'),
(263, 45, 'NA', '2019-12-10 16:38:30'),
(263, 46, 'A', '2019-12-10 16:38:30');
INSERT INTO `resultat` (`etudiant`, `apprentissage`, `notation`, `created_at`) VALUES
(263, 47, 'A', '2019-12-10 16:38:30'),
(263, 52, 'NA', '2019-12-10 16:38:30'),
(263, 53, 'A', '2019-12-10 16:38:30'),
(263, 54, 'NA', '2019-12-10 16:38:30'),
(263, 55, 'NA', '2019-12-10 16:38:30'),
(264, 5, 'EA', '2019-12-10 16:38:30'),
(264, 6, 'NA', '2019-12-10 16:38:30'),
(264, 7, 'A', '2019-12-10 16:38:30'),
(264, 11, 'A', '2019-12-10 16:38:30'),
(264, 12, 'A', '2019-12-10 16:38:30'),
(264, 13, 'A', '2019-12-10 16:38:30'),
(264, 21, 'A', '2019-12-10 16:38:30'),
(264, 22, 'A', '2019-12-10 16:38:30'),
(264, 27, 'NA', '2019-12-10 16:38:30'),
(264, 28, 'NA', '2019-12-10 16:38:30'),
(264, 29, 'A', '2019-12-10 16:38:30'),
(264, 30, 'A', '2019-12-10 16:38:30'),
(264, 34, 'A', '2019-12-10 16:38:30'),
(264, 35, 'NA', '2019-12-10 16:38:30'),
(264, 40, 'NA', '2019-12-10 16:38:30'),
(264, 44, 'A', '2019-12-10 16:38:30'),
(264, 45, 'A', '2019-12-10 16:38:30'),
(264, 46, 'A', '2019-12-10 16:38:30'),
(264, 47, 'A', '2019-12-10 16:38:30'),
(264, 52, 'NA', '2019-12-10 16:38:30'),
(264, 53, 'A', '2019-12-10 16:38:30'),
(264, 54, 'NA', '2019-12-10 16:38:30'),
(264, 55, 'A', '2019-12-10 16:38:30'),
(265, 5, 'NA', '2019-12-10 16:38:30'),
(265, 6, 'A', '2019-12-10 16:38:30'),
(265, 7, 'EA', '2019-12-10 16:38:30'),
(265, 11, 'EA', '2019-12-10 16:38:30'),
(265, 12, 'A', '2019-12-10 16:38:30'),
(265, 13, 'A', '2019-12-10 16:38:30'),
(265, 21, 'A', '2019-12-10 16:38:30'),
(265, 22, 'NA', '2019-12-10 16:38:30'),
(265, 27, 'A', '2019-12-10 16:38:30'),
(265, 28, 'A', '2019-12-10 16:38:30'),
(265, 29, 'EA', '2019-12-10 16:38:30'),
(265, 30, 'A', '2019-12-10 16:38:31'),
(265, 34, 'NA', '2019-12-10 16:38:31'),
(265, 35, 'A', '2019-12-10 16:38:31'),
(265, 40, 'NA', '2019-12-10 16:38:31'),
(265, 44, 'NA', '2019-12-10 16:38:31'),
(265, 45, 'A', '2019-12-10 16:38:31'),
(265, 46, 'NA', '2019-12-10 16:38:31'),
(265, 47, 'A', '2019-12-10 16:38:31'),
(265, 52, 'EA', '2019-12-10 16:38:31'),
(265, 53, 'A', '2019-12-10 16:38:31'),
(265, 54, 'A', '2019-12-10 16:38:31'),
(265, 55, 'A', '2019-12-10 16:38:31'),
(266, 5, 'NA', '2019-12-10 16:38:31'),
(266, 6, 'NA', '2019-12-10 16:38:31'),
(266, 7, 'A', '2019-12-10 16:38:31'),
(266, 11, 'A', '2019-12-10 16:38:31'),
(266, 12, 'A', '2019-12-10 16:38:31'),
(266, 13, 'EA', '2019-12-10 16:38:31'),
(266, 21, 'EA', '2019-12-10 16:38:31'),
(266, 22, 'A', '2019-12-10 16:38:31'),
(266, 27, 'A', '2019-12-10 16:38:31'),
(266, 28, 'A', '2019-12-10 16:38:31'),
(266, 29, 'A', '2019-12-10 16:38:31'),
(266, 30, 'A', '2019-12-10 16:38:31'),
(266, 34, 'A', '2019-12-10 16:38:31'),
(266, 35, 'NA', '2019-12-10 16:38:31'),
(266, 40, 'A', '2019-12-10 16:38:31'),
(266, 44, 'A', '2019-12-10 16:38:31'),
(266, 45, 'NA', '2019-12-10 16:38:31'),
(266, 46, 'A', '2019-12-10 16:38:31'),
(266, 47, 'EA', '2019-12-10 16:38:31'),
(266, 52, 'EA', '2019-12-10 16:38:31'),
(266, 53, 'A', '2019-12-10 16:38:31'),
(266, 54, 'A', '2019-12-10 16:38:31'),
(266, 55, 'EA', '2019-12-10 16:38:31'),
(267, 5, 'A', '2019-12-10 16:38:31'),
(267, 6, 'A', '2019-12-10 16:38:31'),
(267, 7, 'A', '2019-12-10 16:38:31'),
(267, 11, 'A', '2019-12-10 16:38:31'),
(267, 12, 'A', '2019-12-10 16:38:31'),
(267, 13, 'A', '2019-12-10 16:38:31'),
(267, 21, 'A', '2019-12-10 16:38:31'),
(267, 22, 'A', '2019-12-10 16:38:31'),
(267, 27, 'A', '2019-12-10 16:38:31'),
(267, 28, 'NA', '2019-12-10 16:38:31'),
(267, 29, 'A', '2019-12-10 16:38:31'),
(267, 30, 'A', '2019-12-10 16:38:31'),
(267, 34, 'NA', '2019-12-10 16:38:31'),
(267, 35, 'A', '2019-12-10 16:38:31'),
(267, 40, 'A', '2019-12-10 16:38:31'),
(267, 44, 'A', '2019-12-10 16:38:31'),
(267, 45, 'EA', '2019-12-10 16:38:31'),
(267, 46, 'EA', '2019-12-10 16:38:31'),
(267, 47, 'NA', '2019-12-10 16:38:31'),
(267, 52, 'A', '2019-12-10 16:38:31'),
(267, 53, 'A', '2019-12-10 16:38:31'),
(267, 54, 'A', '2019-12-10 16:38:31'),
(267, 55, 'A', '2019-12-10 16:38:31'),
(268, 5, 'A', '2019-12-10 16:38:31'),
(268, 6, 'A', '2019-12-10 16:38:31'),
(268, 7, 'EA', '2019-12-10 16:38:31'),
(268, 11, 'A', '2019-12-10 16:38:31'),
(268, 12, 'A', '2019-12-10 16:38:31'),
(268, 13, 'NA', '2019-12-10 16:38:31'),
(268, 21, 'NA', '2019-12-10 16:38:31'),
(268, 22, 'NA', '2019-12-10 16:38:31'),
(268, 27, 'NA', '2019-12-10 16:38:31'),
(268, 28, 'A', '2019-12-10 16:38:31'),
(268, 29, 'EA', '2019-12-10 16:38:31'),
(268, 30, 'NA', '2019-12-10 16:38:31'),
(268, 34, 'A', '2019-12-10 16:38:31'),
(268, 35, 'A', '2019-12-10 16:38:31'),
(268, 40, 'NA', '2019-12-10 16:38:31'),
(268, 44, 'A', '2019-12-10 16:38:31'),
(268, 45, 'NA', '2019-12-10 16:38:31'),
(268, 46, 'A', '2019-12-10 16:38:31'),
(268, 47, 'A', '2019-12-10 16:38:31'),
(268, 52, 'A', '2019-12-10 16:38:31'),
(268, 53, 'A', '2019-12-10 16:38:31'),
(268, 54, 'A', '2019-12-10 16:38:31'),
(268, 55, 'NA', '2019-12-10 16:38:31'),
(269, 5, 'A', '2019-12-10 16:38:31'),
(269, 6, 'EA', '2019-12-10 16:38:31'),
(269, 7, 'EA', '2019-12-10 16:38:31'),
(269, 11, 'NA', '2019-12-10 16:38:31'),
(269, 12, 'A', '2019-12-10 16:38:31'),
(269, 13, 'A', '2019-12-10 16:38:31'),
(269, 21, 'A', '2019-12-10 16:38:31'),
(269, 22, 'A', '2019-12-10 16:38:31'),
(269, 27, 'EA', '2019-12-10 16:38:31'),
(269, 28, 'A', '2019-12-10 16:38:31'),
(269, 29, 'A', '2019-12-10 16:38:31'),
(269, 30, 'NA', '2019-12-10 16:38:31'),
(269, 34, 'A', '2019-12-10 16:38:31'),
(269, 35, 'A', '2019-12-10 16:38:31'),
(269, 40, 'A', '2019-12-10 16:38:31'),
(269, 44, 'NA', '2019-12-10 16:38:31'),
(269, 45, 'A', '2019-12-10 16:38:31'),
(269, 46, 'NA', '2019-12-10 16:38:31'),
(269, 47, 'NA', '2019-12-10 16:38:31'),
(269, 52, 'NA', '2019-12-10 16:38:31'),
(269, 53, 'NA', '2019-12-10 16:38:31'),
(269, 54, 'EA', '2019-12-10 16:38:31'),
(269, 55, 'EA', '2019-12-10 16:38:31'),
(270, 5, 'NA', '2019-12-10 16:38:31'),
(270, 6, 'A', '2019-12-10 16:38:31'),
(270, 7, 'NA', '2019-12-10 16:38:31'),
(270, 11, 'A', '2019-12-10 16:38:31'),
(270, 12, 'NA', '2019-12-10 16:38:31'),
(270, 13, 'NA', '2019-12-10 16:38:31'),
(270, 21, 'A', '2019-12-10 16:38:31'),
(270, 22, 'A', '2019-12-10 16:38:31'),
(270, 27, 'A', '2019-12-10 16:38:31'),
(270, 28, 'NA', '2019-12-10 16:38:31'),
(270, 29, 'EA', '2019-12-10 16:38:31'),
(270, 30, 'A', '2019-12-10 16:38:31'),
(270, 34, 'A', '2019-12-10 16:38:31'),
(270, 35, 'EA', '2019-12-10 16:38:31'),
(270, 40, 'EA', '2019-12-10 16:38:31'),
(270, 44, 'EA', '2019-12-10 16:38:31'),
(270, 45, 'A', '2019-12-10 16:38:31'),
(270, 46, 'A', '2019-12-10 16:38:31'),
(270, 47, 'NA', '2019-12-10 16:38:31'),
(270, 52, 'A', '2019-12-10 16:38:31'),
(270, 53, 'NA', '2019-12-10 16:38:31'),
(270, 54, 'A', '2019-12-10 16:38:31'),
(270, 55, 'A', '2019-12-10 16:38:31'),
(271, 5, 'A', '2019-12-10 16:38:31'),
(271, 6, 'A', '2019-12-10 16:38:31'),
(271, 7, 'A', '2019-12-10 16:38:31'),
(271, 11, 'A', '2019-12-10 16:38:31'),
(271, 12, 'NA', '2019-12-10 16:38:31'),
(271, 13, 'A', '2019-12-10 16:38:31'),
(271, 21, 'A', '2019-12-10 16:38:31'),
(271, 22, 'A', '2019-12-10 16:38:31'),
(271, 27, 'A', '2019-12-10 16:38:31'),
(271, 28, 'NA', '2019-12-10 16:38:31'),
(271, 29, 'A', '2019-12-10 16:38:31'),
(271, 30, 'A', '2019-12-10 16:38:31'),
(271, 34, 'NA', '2019-12-10 16:38:31'),
(271, 35, 'NA', '2019-12-10 16:38:31'),
(271, 40, 'A', '2019-12-10 16:38:31'),
(271, 44, 'EA', '2019-12-10 16:38:31'),
(271, 45, 'A', '2019-12-10 16:38:31'),
(271, 46, 'A', '2019-12-10 16:38:31'),
(271, 47, 'A', '2019-12-10 16:38:31'),
(271, 52, 'A', '2019-12-10 16:38:31'),
(271, 53, 'EA', '2019-12-10 16:38:31'),
(271, 54, 'A', '2019-12-10 16:38:31'),
(271, 55, 'A', '2019-12-10 16:38:31'),
(272, 5, 'A', '2019-12-10 16:38:31'),
(272, 6, 'A', '2019-12-10 16:38:31'),
(272, 7, 'NA', '2019-12-10 16:38:31'),
(272, 11, 'EA', '2019-12-10 16:38:31'),
(272, 12, 'A', '2019-12-10 16:38:31'),
(272, 13, 'EA', '2019-12-10 16:38:31'),
(272, 21, 'A', '2019-12-10 16:38:31'),
(272, 22, 'EA', '2019-12-10 16:38:32'),
(272, 27, 'A', '2019-12-10 16:38:32'),
(272, 28, 'A', '2019-12-10 16:38:32'),
(272, 29, 'A', '2019-12-10 16:38:32'),
(272, 30, 'A', '2019-12-10 16:38:32'),
(272, 34, 'NA', '2019-12-10 16:38:32'),
(272, 35, 'A', '2019-12-10 16:38:32'),
(272, 40, 'A', '2019-12-10 16:38:32'),
(272, 44, 'NA', '2019-12-10 16:38:32'),
(272, 45, 'NA', '2019-12-10 16:38:32'),
(272, 46, 'NA', '2019-12-10 16:38:32'),
(272, 47, 'A', '2019-12-10 16:38:32'),
(272, 52, 'EA', '2019-12-10 16:38:32'),
(272, 53, 'NA', '2019-12-10 16:38:32'),
(272, 54, 'A', '2019-12-10 16:38:32'),
(272, 55, 'NA', '2019-12-10 16:38:32'),
(273, 5, 'EA', '2019-12-10 16:38:32'),
(273, 6, 'A', '2019-12-10 16:38:32'),
(273, 7, 'A', '2019-12-10 16:38:32'),
(273, 11, 'A', '2019-12-10 16:38:32'),
(273, 12, 'A', '2019-12-10 16:38:32'),
(273, 13, 'NA', '2019-12-10 16:38:32'),
(273, 21, 'A', '2019-12-10 16:38:32'),
(273, 22, 'A', '2019-12-10 16:38:32'),
(273, 27, 'EA', '2019-12-10 16:38:32'),
(273, 28, 'EA', '2019-12-10 16:38:32'),
(273, 29, 'A', '2019-12-10 16:38:32'),
(273, 30, 'A', '2019-12-10 16:38:32'),
(273, 34, 'EA', '2019-12-10 16:38:32'),
(273, 35, 'A', '2019-12-10 16:38:32'),
(273, 40, 'EA', '2019-12-10 16:38:32'),
(273, 44, 'A', '2019-12-10 16:38:32'),
(273, 45, 'A', '2019-12-10 16:38:32'),
(273, 46, 'NA', '2019-12-10 16:38:32'),
(273, 47, 'EA', '2019-12-10 16:38:32'),
(273, 52, 'A', '2019-12-10 16:38:32'),
(273, 53, 'NA', '2019-12-10 16:38:32'),
(273, 54, 'A', '2019-12-10 16:38:32'),
(273, 55, 'NA', '2019-12-10 16:38:32'),
(274, 5, 'EA', '2019-12-10 16:38:32'),
(274, 6, 'A', '2019-12-10 16:38:32'),
(274, 7, 'NA', '2019-12-10 16:38:32'),
(274, 11, 'EA', '2019-12-10 16:38:32'),
(274, 12, 'A', '2019-12-10 16:38:32'),
(274, 13, 'NA', '2019-12-10 16:38:32'),
(274, 21, 'A', '2019-12-10 16:38:32'),
(274, 22, 'A', '2019-12-10 16:38:32'),
(274, 27, 'A', '2019-12-10 16:38:32'),
(274, 28, 'A', '2019-12-10 16:38:32'),
(274, 29, 'A', '2019-12-10 16:38:32'),
(274, 30, 'A', '2019-12-10 16:38:32'),
(274, 34, 'A', '2019-12-10 16:38:32'),
(274, 35, 'A', '2019-12-10 16:38:32'),
(274, 40, 'NA', '2019-12-10 16:38:32'),
(274, 44, 'EA', '2019-12-10 16:38:32'),
(274, 45, 'A', '2019-12-10 16:38:32'),
(274, 46, 'EA', '2019-12-10 16:38:32'),
(274, 47, 'A', '2019-12-10 16:38:32'),
(274, 52, 'EA', '2019-12-10 16:38:32'),
(274, 53, 'NA', '2019-12-10 16:38:32'),
(274, 54, 'NA', '2019-12-10 16:38:32'),
(274, 55, 'A', '2019-12-10 16:38:32'),
(275, 5, 'NA', '2019-12-10 16:38:32'),
(275, 6, 'A', '2019-12-10 16:38:32'),
(275, 7, 'NA', '2019-12-10 16:38:32'),
(275, 11, 'NA', '2019-12-10 16:38:32'),
(275, 12, 'A', '2019-12-10 16:38:32'),
(275, 13, 'A', '2019-12-10 16:38:32'),
(275, 21, 'EA', '2019-12-10 16:38:32'),
(275, 22, 'NA', '2019-12-10 16:38:32'),
(275, 27, 'EA', '2019-12-10 16:38:32'),
(275, 28, 'A', '2019-12-10 16:38:32'),
(275, 29, 'A', '2019-12-10 16:38:32'),
(275, 30, 'A', '2019-12-10 16:38:32'),
(275, 34, 'A', '2019-12-10 16:38:32'),
(275, 35, 'A', '2019-12-10 16:38:32'),
(275, 40, 'A', '2019-12-10 16:38:32'),
(275, 44, 'NA', '2019-12-10 16:38:32'),
(275, 45, 'A', '2019-12-10 16:38:32'),
(275, 46, 'EA', '2019-12-10 16:38:32'),
(275, 47, 'A', '2019-12-10 16:38:32'),
(275, 52, 'A', '2019-12-10 16:38:32'),
(275, 53, 'A', '2019-12-10 16:38:32'),
(275, 54, 'NA', '2019-12-10 16:38:32'),
(275, 55, 'A', '2019-12-10 16:38:32'),
(276, 5, 'A', '2019-12-10 16:38:32'),
(276, 6, 'NA', '2019-12-10 16:38:32'),
(276, 7, 'EA', '2019-12-10 16:38:32'),
(276, 11, 'NA', '2019-12-10 16:38:32'),
(276, 12, 'A', '2019-12-10 16:38:32'),
(276, 13, 'NA', '2019-12-10 16:38:32'),
(276, 21, 'NA', '2019-12-10 16:38:32'),
(276, 22, 'EA', '2019-12-10 16:38:32'),
(276, 27, 'A', '2019-12-10 16:38:32'),
(276, 28, 'NA', '2019-12-10 16:38:32'),
(276, 29, 'A', '2019-12-10 16:38:32'),
(276, 30, 'NA', '2019-12-10 16:38:32'),
(276, 34, 'NA', '2019-12-10 16:38:32'),
(276, 35, 'A', '2019-12-10 16:38:32'),
(276, 40, 'NA', '2019-12-10 16:38:32'),
(276, 44, 'A', '2019-12-10 16:38:32'),
(276, 45, 'A', '2019-12-10 16:38:32'),
(276, 46, 'A', '2019-12-10 16:38:32'),
(276, 47, 'A', '2019-12-10 16:38:32'),
(276, 52, 'EA', '2019-12-10 16:38:32'),
(276, 53, 'A', '2019-12-10 16:38:32'),
(276, 54, 'A', '2019-12-10 16:38:32'),
(276, 55, 'A', '2019-12-10 16:38:32'),
(277, 5, 'NA', '2019-12-10 16:38:32'),
(277, 6, 'A', '2019-12-10 16:38:32'),
(277, 7, 'EA', '2019-12-10 16:38:32'),
(277, 11, 'EA', '2019-12-10 16:38:32'),
(277, 12, 'NA', '2019-12-10 16:38:32'),
(277, 13, 'A', '2019-12-10 16:38:32'),
(277, 21, 'A', '2019-12-10 16:38:32'),
(277, 22, 'NA', '2019-12-10 16:38:32'),
(277, 27, 'NA', '2019-12-10 16:38:32'),
(277, 28, 'A', '2019-12-10 16:38:32'),
(277, 29, 'EA', '2019-12-10 16:38:32'),
(277, 30, 'NA', '2019-12-10 16:38:32'),
(277, 34, 'NA', '2019-12-10 16:38:32'),
(277, 35, 'NA', '2019-12-10 16:38:32'),
(277, 40, 'A', '2019-12-10 16:38:32'),
(277, 44, 'NA', '2019-12-10 16:38:32'),
(277, 45, 'A', '2019-12-10 16:38:32'),
(277, 46, 'A', '2019-12-10 16:38:32'),
(277, 47, 'NA', '2019-12-10 16:38:32'),
(277, 52, 'NA', '2019-12-10 16:38:32'),
(277, 53, 'A', '2019-12-10 16:38:32'),
(277, 54, 'A', '2019-12-10 16:38:32'),
(277, 55, 'A', '2019-12-10 16:38:32'),
(278, 5, 'A', '2019-12-10 16:38:32'),
(278, 6, 'A', '2019-12-10 16:38:32'),
(278, 7, 'A', '2019-12-10 16:38:32'),
(278, 11, 'A', '2019-12-10 16:38:32'),
(278, 12, 'A', '2019-12-10 16:38:32'),
(278, 13, 'NA', '2019-12-10 16:38:32'),
(278, 21, 'A', '2019-12-10 16:38:32'),
(278, 22, 'A', '2019-12-10 16:38:32'),
(278, 27, 'A', '2019-12-10 16:38:32'),
(278, 28, 'A', '2019-12-10 16:38:32'),
(278, 29, 'A', '2019-12-10 16:38:32'),
(278, 30, 'NA', '2019-12-10 16:38:32'),
(278, 34, 'A', '2019-12-10 16:38:32'),
(278, 35, 'A', '2019-12-10 16:38:32'),
(278, 40, 'A', '2019-12-10 16:38:33'),
(278, 44, 'NA', '2019-12-10 16:38:33'),
(278, 45, 'NA', '2019-12-10 16:38:33'),
(278, 46, 'EA', '2019-12-10 16:38:33'),
(278, 47, 'A', '2019-12-10 16:38:33'),
(278, 52, 'NA', '2019-12-10 16:38:33'),
(278, 53, 'A', '2019-12-10 16:38:33'),
(278, 54, 'A', '2019-12-10 16:38:33'),
(278, 55, 'NA', '2019-12-10 16:38:33'),
(279, 5, 'NA', '2019-12-10 16:38:33'),
(279, 6, 'A', '2019-12-10 16:38:33'),
(279, 7, 'A', '2019-12-10 16:38:33'),
(279, 11, 'A', '2019-12-10 16:38:33'),
(279, 12, 'A', '2019-12-10 16:38:33'),
(279, 13, 'A', '2019-12-10 16:38:33'),
(279, 21, 'A', '2019-12-10 16:38:33'),
(279, 22, 'NA', '2019-12-10 16:38:33'),
(279, 27, 'NA', '2019-12-10 16:38:33'),
(279, 28, 'NA', '2019-12-10 16:38:33'),
(279, 29, 'NA', '2019-12-10 16:38:33'),
(279, 30, 'A', '2019-12-10 16:38:33'),
(279, 34, 'A', '2019-12-10 16:38:33'),
(279, 35, 'EA', '2019-12-10 16:38:33'),
(279, 40, 'A', '2019-12-10 16:38:33'),
(279, 44, 'NA', '2019-12-10 16:38:33'),
(279, 45, 'A', '2019-12-10 16:38:33'),
(279, 46, 'NA', '2019-12-10 16:38:33'),
(279, 47, 'NA', '2019-12-10 16:38:33'),
(279, 52, 'A', '2019-12-10 16:38:33'),
(279, 53, 'EA', '2019-12-10 16:38:33'),
(279, 54, 'A', '2019-12-10 16:38:33'),
(279, 55, 'A', '2019-12-10 16:38:33'),
(280, 5, 'A', '2019-12-10 16:38:33'),
(280, 6, 'EA', '2019-12-10 16:38:33'),
(280, 7, 'EA', '2019-12-10 16:38:33'),
(280, 11, 'A', '2019-12-10 16:38:33'),
(280, 12, 'EA', '2019-12-10 16:38:33'),
(280, 13, 'NA', '2019-12-10 16:38:33'),
(280, 21, 'A', '2019-12-10 16:38:33'),
(280, 22, 'A', '2019-12-10 16:38:33'),
(280, 27, 'A', '2019-12-10 16:38:33'),
(280, 28, 'EA', '2019-12-10 16:38:33'),
(280, 29, 'A', '2019-12-10 16:38:33'),
(280, 30, 'A', '2019-12-10 16:38:33'),
(280, 34, 'NA', '2019-12-10 16:38:33'),
(280, 35, 'A', '2019-12-10 16:38:33'),
(280, 40, 'A', '2019-12-10 16:38:33'),
(280, 44, 'A', '2019-12-10 16:38:33'),
(280, 45, 'NA', '2019-12-10 16:38:33'),
(280, 46, 'A', '2019-12-10 16:38:33'),
(280, 47, 'A', '2019-12-10 16:38:33'),
(280, 52, 'A', '2019-12-10 16:38:33'),
(280, 53, 'A', '2019-12-10 16:38:33'),
(280, 54, 'NA', '2019-12-10 16:38:33'),
(280, 55, 'A', '2019-12-10 16:38:33'),
(281, 5, 'EA', '2019-12-10 16:38:33'),
(281, 6, 'NA', '2019-12-10 16:38:33'),
(281, 7, 'EA', '2019-12-10 16:38:33'),
(281, 11, 'NA', '2019-12-10 16:38:33'),
(281, 12, 'A', '2019-12-10 16:38:33'),
(281, 13, 'A', '2019-12-10 16:38:33'),
(281, 21, 'A', '2019-12-10 16:38:33'),
(281, 22, 'EA', '2019-12-10 16:38:33'),
(281, 27, 'NA', '2019-12-10 16:38:33'),
(281, 28, 'A', '2019-12-10 16:38:33'),
(281, 29, 'EA', '2019-12-10 16:38:33'),
(281, 30, 'NA', '2019-12-10 16:38:33'),
(281, 34, 'A', '2019-12-10 16:38:33'),
(281, 35, 'NA', '2019-12-10 16:38:33'),
(281, 40, 'A', '2019-12-10 16:38:33'),
(281, 44, 'A', '2019-12-10 16:38:33'),
(281, 45, 'A', '2019-12-10 16:38:33'),
(281, 46, 'A', '2019-12-10 16:38:33'),
(281, 47, 'A', '2019-12-10 16:38:33'),
(281, 52, 'A', '2019-12-10 16:38:33'),
(281, 53, 'A', '2019-12-10 16:38:33'),
(281, 54, 'A', '2019-12-10 16:38:33'),
(281, 55, 'EA', '2019-12-10 16:38:33'),
(282, 5, 'A', '2019-12-10 16:38:33'),
(282, 6, 'NA', '2019-12-10 16:38:33'),
(282, 7, 'A', '2019-12-10 16:38:33'),
(282, 11, 'NA', '2019-12-10 16:38:33'),
(282, 12, 'EA', '2019-12-10 16:38:33'),
(282, 13, 'NA', '2019-12-10 16:38:33'),
(282, 21, 'A', '2019-12-10 16:38:33'),
(282, 22, 'NA', '2019-12-10 16:38:33'),
(282, 27, 'A', '2019-12-10 16:38:33'),
(282, 28, 'NA', '2019-12-10 16:38:33'),
(282, 29, 'A', '2019-12-10 16:38:33'),
(282, 30, 'NA', '2019-12-10 16:38:33'),
(282, 34, 'A', '2019-12-10 16:38:33'),
(282, 35, 'EA', '2019-12-10 16:38:33'),
(282, 40, 'A', '2019-12-10 16:38:33'),
(282, 44, 'A', '2019-12-10 16:38:33'),
(282, 45, 'A', '2019-12-10 16:38:33'),
(282, 46, 'NA', '2019-12-10 16:38:33'),
(282, 47, 'A', '2019-12-10 16:38:33'),
(282, 52, 'A', '2019-12-10 16:38:33'),
(282, 53, 'A', '2019-12-10 16:38:33'),
(282, 54, 'A', '2019-12-10 16:38:33'),
(282, 55, 'EA', '2019-12-10 16:38:33'),
(283, 5, 'EA', '2019-12-10 16:38:33'),
(283, 6, 'EA', '2019-12-10 16:38:33'),
(283, 7, 'A', '2019-12-10 16:38:33'),
(283, 11, 'A', '2019-12-10 16:38:33'),
(283, 12, 'A', '2019-12-10 16:38:33'),
(283, 13, 'NA', '2019-12-10 16:38:33'),
(283, 21, 'A', '2019-12-10 16:38:33'),
(283, 22, 'A', '2019-12-10 16:38:33'),
(283, 27, 'NA', '2019-12-10 16:38:33'),
(283, 28, 'A', '2019-12-10 16:38:33'),
(283, 29, 'NA', '2019-12-10 16:38:33'),
(283, 30, 'A', '2019-12-10 16:38:33'),
(283, 34, 'A', '2019-12-10 16:38:33'),
(283, 35, 'EA', '2019-12-10 16:38:33'),
(283, 40, 'EA', '2019-12-10 16:38:33'),
(283, 44, 'NA', '2019-12-10 16:38:33'),
(283, 45, 'A', '2019-12-10 16:38:33'),
(283, 46, 'EA', '2019-12-10 16:38:33'),
(283, 47, 'EA', '2019-12-10 16:38:33'),
(283, 52, 'NA', '2019-12-10 16:38:33'),
(283, 53, 'A', '2019-12-10 16:38:33'),
(283, 54, 'NA', '2019-12-10 16:38:33'),
(283, 55, 'NA', '2019-12-10 16:38:33'),
(284, 5, 'NA', '2019-12-10 16:38:33'),
(284, 6, 'NA', '2019-12-10 16:38:33'),
(284, 7, 'A', '2019-12-10 16:38:33'),
(284, 11, 'A', '2019-12-10 16:38:33'),
(284, 12, 'NA', '2019-12-10 16:38:33'),
(284, 13, 'A', '2019-12-10 16:38:33'),
(284, 21, 'EA', '2019-12-10 16:38:33'),
(284, 22, 'EA', '2019-12-10 16:38:33'),
(284, 27, 'A', '2019-12-10 16:38:33'),
(284, 28, 'A', '2019-12-10 16:38:33'),
(284, 29, 'A', '2019-12-10 16:38:33'),
(284, 30, 'NA', '2019-12-10 16:38:33'),
(284, 34, 'A', '2019-12-10 16:38:33'),
(284, 35, 'EA', '2019-12-10 16:38:33'),
(284, 40, 'EA', '2019-12-10 16:38:33'),
(284, 44, 'NA', '2019-12-10 16:38:33'),
(284, 45, 'A', '2019-12-10 16:38:33'),
(284, 46, 'EA', '2019-12-10 16:38:33'),
(284, 47, 'A', '2019-12-10 16:38:33'),
(284, 52, 'A', '2019-12-10 16:38:33'),
(284, 53, 'A', '2019-12-10 16:38:33'),
(284, 54, 'NA', '2019-12-10 16:38:33'),
(284, 55, 'A', '2019-12-10 16:38:33'),
(285, 5, 'A', '2019-12-10 16:38:33'),
(285, 6, 'A', '2019-12-10 16:38:33'),
(285, 7, 'A', '2019-12-10 16:38:33'),
(285, 11, 'A', '2019-12-10 16:38:33'),
(285, 12, 'A', '2019-12-10 16:38:33'),
(285, 13, 'A', '2019-12-10 16:38:33'),
(285, 21, 'NA', '2019-12-10 16:38:33'),
(285, 22, 'A', '2019-12-10 16:38:33'),
(285, 27, 'A', '2019-12-10 16:38:33'),
(285, 28, 'EA', '2019-12-10 16:38:33'),
(285, 29, 'A', '2019-12-10 16:38:33'),
(285, 30, 'A', '2019-12-10 16:38:33'),
(285, 34, 'EA', '2019-12-10 16:38:33'),
(285, 35, 'A', '2019-12-10 16:38:33'),
(285, 40, 'EA', '2019-12-10 16:38:33'),
(285, 44, 'A', '2019-12-10 16:38:33'),
(285, 45, 'A', '2019-12-10 16:38:33'),
(285, 46, 'A', '2019-12-10 16:38:33'),
(285, 47, 'A', '2019-12-10 16:38:33'),
(285, 52, 'A', '2019-12-10 16:38:33'),
(285, 53, 'A', '2019-12-10 16:38:33'),
(285, 54, 'A', '2019-12-10 16:38:33'),
(285, 55, 'NA', '2019-12-10 16:38:33'),
(286, 5, 'EA', '2019-12-10 16:38:33'),
(286, 6, 'A', '2019-12-10 16:38:33'),
(286, 7, 'A', '2019-12-10 16:38:33'),
(286, 11, 'A', '2019-12-10 16:38:33'),
(286, 12, 'NA', '2019-12-10 16:38:33'),
(286, 13, 'NA', '2019-12-10 16:38:33'),
(286, 21, 'A', '2019-12-10 16:38:33'),
(286, 22, 'A', '2019-12-10 16:38:33'),
(286, 27, 'A', '2019-12-10 16:38:33'),
(286, 28, 'EA', '2019-12-10 16:38:33'),
(286, 29, 'A', '2019-12-10 16:38:33'),
(286, 30, 'NA', '2019-12-10 16:38:33'),
(286, 34, 'A', '2019-12-10 16:38:33'),
(286, 35, 'EA', '2019-12-10 16:38:33'),
(286, 40, 'NA', '2019-12-10 16:38:33'),
(286, 44, 'A', '2019-12-10 16:38:33'),
(286, 45, 'A', '2019-12-10 16:38:33'),
(286, 46, 'NA', '2019-12-10 16:38:33'),
(286, 47, 'NA', '2019-12-10 16:38:33'),
(286, 52, 'A', '2019-12-10 16:38:34'),
(286, 53, 'A', '2019-12-10 16:38:34'),
(286, 54, 'NA', '2019-12-10 16:38:34'),
(286, 55, 'A', '2019-12-10 16:38:34'),
(287, 5, 'A', '2019-12-10 16:38:34'),
(287, 6, 'EA', '2019-12-10 16:38:34'),
(287, 7, 'A', '2019-12-10 16:38:34'),
(287, 11, 'NA', '2019-12-10 16:38:34'),
(287, 12, 'A', '2019-12-10 16:38:34'),
(287, 13, 'NA', '2019-12-10 16:38:34'),
(287, 21, 'A', '2019-12-10 16:38:34'),
(287, 22, 'NA', '2019-12-10 16:38:34'),
(287, 27, 'EA', '2019-12-10 16:38:34'),
(287, 28, 'NA', '2019-12-10 16:38:34'),
(287, 29, 'A', '2019-12-10 16:38:34'),
(287, 30, 'NA', '2019-12-10 16:38:34'),
(287, 34, 'A', '2019-12-10 16:38:34'),
(287, 35, 'EA', '2019-12-10 16:38:34'),
(287, 40, 'A', '2019-12-10 16:38:34'),
(287, 44, 'A', '2019-12-10 16:38:34'),
(287, 45, 'A', '2019-12-10 16:38:34'),
(287, 46, 'NA', '2019-12-10 16:38:34'),
(287, 47, 'A', '2019-12-10 16:38:34'),
(287, 52, 'A', '2019-12-10 16:38:34'),
(287, 53, 'A', '2019-12-10 16:38:34'),
(287, 54, 'EA', '2019-12-10 16:38:34'),
(287, 55, 'A', '2019-12-10 16:38:34'),
(288, 5, 'A', '2019-12-10 16:38:34'),
(288, 6, 'NA', '2019-12-10 16:38:34'),
(288, 7, 'NA', '2019-12-10 16:38:34'),
(288, 11, 'A', '2019-12-10 16:38:34'),
(288, 12, 'NA', '2019-12-10 16:38:34'),
(288, 13, 'EA', '2019-12-10 16:38:34'),
(288, 21, 'EA', '2019-12-10 16:38:34'),
(288, 22, 'A', '2019-12-10 16:38:34'),
(288, 27, 'A', '2019-12-10 16:38:34'),
(288, 28, 'A', '2019-12-10 16:38:34'),
(288, 29, 'NA', '2019-12-10 16:38:34'),
(288, 30, 'A', '2019-12-10 16:38:34'),
(288, 34, 'A', '2019-12-10 16:38:34'),
(288, 35, 'A', '2019-12-10 16:38:34'),
(288, 40, 'A', '2019-12-10 16:38:34'),
(288, 44, 'A', '2019-12-10 16:38:34'),
(288, 45, 'NA', '2019-12-10 16:38:34'),
(288, 46, 'A', '2019-12-10 16:38:34'),
(288, 47, 'A', '2019-12-10 16:38:34'),
(288, 52, 'A', '2019-12-10 16:38:34'),
(288, 53, 'A', '2019-12-10 16:38:34'),
(288, 54, 'A', '2019-12-10 16:38:34'),
(288, 55, 'EA', '2019-12-10 16:38:34'),
(289, 5, 'A', '2019-12-10 16:38:34'),
(289, 6, 'A', '2019-12-10 16:38:34'),
(289, 7, 'A', '2019-12-10 16:38:34'),
(289, 11, 'A', '2019-12-10 16:38:34'),
(289, 12, 'NA', '2019-12-10 16:38:34'),
(289, 13, 'EA', '2019-12-10 16:38:34'),
(289, 21, 'A', '2019-12-10 16:38:34'),
(289, 22, 'A', '2019-12-10 16:38:34'),
(289, 27, 'NA', '2019-12-10 16:38:34'),
(289, 28, 'NA', '2019-12-10 16:38:34'),
(289, 29, 'NA', '2019-12-10 16:38:34'),
(289, 30, 'A', '2019-12-10 16:38:34'),
(289, 34, 'A', '2019-12-10 16:38:34'),
(289, 35, 'A', '2019-12-10 16:38:34'),
(289, 40, 'A', '2019-12-10 16:38:34'),
(289, 44, 'A', '2019-12-10 16:38:34'),
(289, 45, 'A', '2019-12-10 16:38:34'),
(289, 46, 'A', '2019-12-10 16:38:34'),
(289, 47, 'A', '2019-12-10 16:38:34'),
(289, 52, 'EA', '2019-12-10 16:38:34'),
(289, 53, 'A', '2019-12-10 16:38:34'),
(289, 54, 'A', '2019-12-10 16:38:34'),
(289, 55, 'EA', '2019-12-10 16:38:34'),
(290, 5, 'A', '2019-12-10 16:38:34'),
(290, 6, 'NA', '2019-12-10 16:38:34'),
(290, 7, 'A', '2019-12-10 16:38:34'),
(290, 11, 'NA', '2019-12-10 16:38:34'),
(290, 12, 'A', '2019-12-10 16:38:34'),
(290, 13, 'A', '2019-12-10 16:38:34'),
(290, 21, 'NA', '2019-12-10 16:38:34'),
(290, 22, 'A', '2019-12-10 16:38:34'),
(290, 27, 'A', '2019-12-10 16:38:34'),
(290, 28, 'EA', '2019-12-10 16:38:34'),
(290, 29, 'EA', '2019-12-10 16:38:34'),
(290, 30, 'A', '2019-12-10 16:38:34'),
(290, 34, 'NA', '2019-12-10 16:38:34'),
(290, 35, 'NA', '2019-12-10 16:38:34'),
(290, 40, 'A', '2019-12-10 16:38:34'),
(290, 44, 'A', '2019-12-10 16:38:34'),
(290, 45, 'A', '2019-12-10 16:38:34'),
(290, 46, 'EA', '2019-12-10 16:38:34'),
(290, 47, 'A', '2019-12-10 16:38:34'),
(290, 52, 'EA', '2019-12-10 16:38:34'),
(290, 53, 'EA', '2019-12-10 16:38:34'),
(290, 54, 'NA', '2019-12-10 16:38:34'),
(290, 55, 'A', '2019-12-10 16:38:34'),
(291, 5, 'A', '2019-12-10 16:38:34'),
(291, 6, 'EA', '2019-12-10 16:38:34'),
(291, 7, 'A', '2019-12-10 16:38:34'),
(291, 11, 'NA', '2019-12-10 16:38:34'),
(291, 12, 'A', '2019-12-10 16:38:34'),
(291, 13, 'A', '2019-12-10 16:38:34'),
(291, 21, 'EA', '2019-12-10 16:38:34'),
(291, 22, 'A', '2019-12-10 16:38:34'),
(291, 27, 'A', '2019-12-10 16:38:34'),
(291, 28, 'NA', '2019-12-10 16:38:34'),
(291, 29, 'A', '2019-12-10 16:38:34'),
(291, 30, 'A', '2019-12-10 16:38:34'),
(291, 34, 'A', '2019-12-10 16:38:34'),
(291, 35, 'NA', '2019-12-10 16:38:34'),
(291, 40, 'A', '2019-12-10 16:38:34'),
(291, 44, 'A', '2019-12-10 16:38:34'),
(291, 45, 'A', '2019-12-10 16:38:34'),
(291, 46, 'A', '2019-12-10 16:38:34'),
(291, 47, 'A', '2019-12-10 16:38:34'),
(291, 52, 'EA', '2019-12-10 16:38:34'),
(291, 53, 'EA', '2019-12-10 16:38:34'),
(291, 54, 'A', '2019-12-10 16:38:34'),
(291, 55, 'EA', '2019-12-10 16:38:34'),
(292, 5, 'A', '2019-12-10 16:38:34'),
(292, 6, 'A', '2019-12-10 16:38:34'),
(292, 7, 'A', '2019-12-10 16:38:34'),
(292, 11, 'NA', '2019-12-10 16:38:34'),
(292, 12, 'A', '2019-12-10 16:38:34'),
(292, 13, 'A', '2019-12-10 16:38:34'),
(292, 21, 'A', '2019-12-10 16:38:34'),
(292, 22, 'NA', '2019-12-10 16:38:34'),
(292, 27, 'A', '2019-12-10 16:38:34'),
(292, 28, 'NA', '2019-12-10 16:38:34'),
(292, 29, 'NA', '2019-12-10 16:38:34'),
(292, 30, 'EA', '2019-12-10 16:38:34'),
(292, 34, 'NA', '2019-12-10 16:38:34'),
(292, 35, 'A', '2019-12-10 16:38:34'),
(292, 40, 'A', '2019-12-10 16:38:34'),
(292, 44, 'A', '2019-12-10 16:38:34'),
(292, 45, 'A', '2019-12-10 16:38:34'),
(292, 46, 'A', '2019-12-10 16:38:34'),
(292, 47, 'A', '2019-12-10 16:38:34'),
(292, 52, 'A', '2019-12-10 16:38:34'),
(292, 53, 'A', '2019-12-10 16:38:34'),
(292, 54, 'A', '2019-12-10 16:38:34'),
(292, 55, 'A', '2019-12-10 16:38:34'),
(293, 5, 'A', '2019-12-10 16:38:34'),
(293, 6, 'A', '2019-12-10 16:38:34'),
(293, 7, 'A', '2019-12-10 16:38:34'),
(293, 11, 'EA', '2019-12-10 16:38:34'),
(293, 12, 'A', '2019-12-10 16:38:34'),
(293, 13, 'A', '2019-12-10 16:38:34'),
(293, 21, 'NA', '2019-12-10 16:38:34'),
(293, 22, 'NA', '2019-12-10 16:38:34'),
(293, 27, 'EA', '2019-12-10 16:38:34'),
(293, 28, 'A', '2019-12-10 16:38:34'),
(293, 29, 'A', '2019-12-10 16:38:34'),
(293, 30, 'A', '2019-12-10 16:38:34'),
(293, 34, 'EA', '2019-12-10 16:38:34'),
(293, 35, 'A', '2019-12-10 16:38:34'),
(293, 40, 'A', '2019-12-10 16:38:34'),
(293, 44, 'A', '2019-12-10 16:38:34'),
(293, 45, 'A', '2019-12-10 16:38:34'),
(293, 46, 'A', '2019-12-10 16:38:34'),
(293, 47, 'EA', '2019-12-10 16:38:34'),
(293, 52, 'NA', '2019-12-10 16:38:34'),
(293, 53, 'A', '2019-12-10 16:38:34'),
(293, 54, 'A', '2019-12-10 16:38:34'),
(293, 55, 'NA', '2019-12-10 16:38:34'),
(294, 5, 'EA', '2019-12-10 16:38:35'),
(294, 6, 'A', '2019-12-10 16:38:35'),
(294, 7, 'EA', '2019-12-10 16:38:35'),
(294, 11, 'A', '2019-12-10 16:38:35'),
(294, 12, 'A', '2019-12-10 16:38:35'),
(294, 13, 'A', '2019-12-10 16:38:35'),
(294, 21, 'NA', '2019-12-10 16:38:35'),
(294, 22, 'EA', '2019-12-10 16:38:35'),
(294, 27, 'NA', '2019-12-10 16:38:35'),
(294, 28, 'A', '2019-12-10 16:38:35'),
(294, 29, 'A', '2019-12-10 16:38:35'),
(294, 30, 'EA', '2019-12-10 16:38:35'),
(294, 34, 'EA', '2019-12-10 16:38:35'),
(294, 35, 'A', '2019-12-10 16:38:35'),
(294, 40, 'NA', '2019-12-10 16:38:35'),
(294, 44, 'NA', '2019-12-10 16:38:35'),
(294, 45, 'A', '2019-12-10 16:38:35'),
(294, 46, 'A', '2019-12-10 16:38:35'),
(294, 47, 'A', '2019-12-10 16:38:35'),
(294, 52, 'A', '2019-12-10 16:38:35'),
(294, 53, 'NA', '2019-12-10 16:38:35'),
(294, 54, 'EA', '2019-12-10 16:38:35'),
(294, 55, 'EA', '2019-12-10 16:38:35'),
(295, 5, 'A', '2019-12-10 16:38:35'),
(295, 6, 'EA', '2019-12-10 16:38:35'),
(295, 7, 'A', '2019-12-10 16:38:35'),
(295, 11, 'A', '2019-12-10 16:38:35'),
(295, 12, 'A', '2019-12-10 16:38:35'),
(295, 13, 'A', '2019-12-10 16:38:35'),
(295, 21, 'A', '2019-12-10 16:38:35'),
(295, 22, 'NA', '2019-12-10 16:38:35'),
(295, 27, 'NA', '2019-12-10 16:38:35'),
(295, 28, 'A', '2019-12-10 16:38:35'),
(295, 29, 'NA', '2019-12-10 16:38:35'),
(295, 30, 'EA', '2019-12-10 16:38:35'),
(295, 34, 'EA', '2019-12-10 16:38:35'),
(295, 35, 'NA', '2019-12-10 16:38:35'),
(295, 40, 'A', '2019-12-10 16:38:35'),
(295, 44, 'A', '2019-12-10 16:38:35'),
(295, 45, 'EA', '2019-12-10 16:38:35'),
(295, 46, 'EA', '2019-12-10 16:38:35'),
(295, 47, 'NA', '2019-12-10 16:38:35'),
(295, 52, 'NA', '2019-12-10 16:38:35'),
(295, 53, 'A', '2019-12-10 16:38:35'),
(295, 54, 'A', '2019-12-10 16:38:35'),
(295, 55, 'A', '2019-12-10 16:38:35'),
(296, 5, 'NA', '2019-12-10 16:38:35'),
(296, 6, 'A', '2019-12-10 16:38:35'),
(296, 7, 'NA', '2019-12-10 16:38:35'),
(296, 11, 'A', '2019-12-10 16:38:35'),
(296, 12, 'A', '2019-12-10 16:38:35'),
(296, 13, 'A', '2019-12-10 16:38:35'),
(296, 21, 'A', '2019-12-10 16:38:35'),
(296, 22, 'NA', '2019-12-10 16:38:35'),
(296, 27, 'EA', '2019-12-10 16:38:35'),
(296, 28, 'NA', '2019-12-10 16:38:35'),
(296, 29, 'NA', '2019-12-10 16:38:35'),
(296, 30, 'A', '2019-12-10 16:38:35'),
(296, 34, 'NA', '2019-12-10 16:38:35'),
(296, 35, 'A', '2019-12-10 16:38:35'),
(296, 40, 'A', '2019-12-10 16:38:35'),
(296, 44, 'A', '2019-12-10 16:38:35'),
(296, 45, 'A', '2019-12-10 16:38:35'),
(296, 46, 'NA', '2019-12-10 16:38:35'),
(296, 47, 'NA', '2019-12-10 16:38:35'),
(296, 52, 'A', '2019-12-10 16:38:35'),
(296, 53, 'A', '2019-12-10 16:38:35'),
(296, 54, 'A', '2019-12-10 16:38:35'),
(296, 55, 'A', '2019-12-10 16:38:35'),
(297, 5, 'EA', '2019-12-10 16:38:35'),
(297, 6, 'A', '2019-12-10 16:38:35'),
(297, 7, 'A', '2019-12-10 16:38:35'),
(297, 11, 'NA', '2019-12-10 16:38:35'),
(297, 12, 'A', '2019-12-10 16:38:35'),
(297, 13, 'A', '2019-12-10 16:38:35'),
(297, 21, 'A', '2019-12-10 16:38:35'),
(297, 22, 'A', '2019-12-10 16:38:35'),
(297, 27, 'A', '2019-12-10 16:38:35'),
(297, 28, 'A', '2019-12-10 16:38:35'),
(297, 29, 'NA', '2019-12-10 16:38:35'),
(297, 30, 'A', '2019-12-10 16:38:35'),
(297, 34, 'A', '2019-12-10 16:38:35'),
(297, 35, 'A', '2019-12-10 16:38:35'),
(297, 40, 'A', '2019-12-10 16:38:35'),
(297, 44, 'A', '2019-12-10 16:38:35'),
(297, 45, 'A', '2019-12-10 16:38:35'),
(297, 46, 'EA', '2019-12-10 16:38:35'),
(297, 47, 'NA', '2019-12-10 16:38:35'),
(297, 52, 'NA', '2019-12-10 16:38:35'),
(297, 53, 'NA', '2019-12-10 16:38:35'),
(297, 54, 'NA', '2019-12-10 16:38:35'),
(297, 55, 'A', '2019-12-10 16:38:35'),
(298, 5, 'NA', '2019-12-10 16:38:35'),
(298, 6, 'EA', '2019-12-10 16:38:35'),
(298, 7, 'NA', '2019-12-10 16:38:35'),
(298, 11, 'A', '2019-12-10 16:38:35'),
(298, 12, 'EA', '2019-12-10 16:38:35'),
(298, 13, 'A', '2019-12-10 16:38:35'),
(298, 21, 'A', '2019-12-10 16:38:35'),
(298, 22, 'EA', '2019-12-10 16:38:35'),
(298, 27, 'A', '2019-12-10 16:38:35'),
(298, 28, 'NA', '2019-12-10 16:38:35'),
(298, 29, 'EA', '2019-12-10 16:38:35'),
(298, 30, 'NA', '2019-12-10 16:38:35'),
(298, 34, 'NA', '2019-12-10 16:38:35'),
(298, 35, 'A', '2019-12-10 16:38:35'),
(298, 40, 'NA', '2019-12-10 16:38:35'),
(298, 44, 'A', '2019-12-10 16:38:35'),
(298, 45, 'A', '2019-12-10 16:38:35'),
(298, 46, 'NA', '2019-12-10 16:38:35'),
(298, 47, 'A', '2019-12-10 16:38:35'),
(298, 52, 'NA', '2019-12-10 16:38:35'),
(298, 53, 'A', '2019-12-10 16:38:35'),
(298, 54, 'A', '2019-12-10 16:38:35'),
(298, 55, 'A', '2019-12-10 16:38:35'),
(299, 5, 'A', '2019-12-10 16:38:35'),
(299, 6, 'A', '2019-12-10 16:38:35'),
(299, 7, 'A', '2019-12-10 16:38:35'),
(299, 11, 'NA', '2019-12-10 16:38:35'),
(299, 12, 'A', '2019-12-10 16:38:35'),
(299, 13, 'A', '2019-12-10 16:38:35'),
(299, 21, 'NA', '2019-12-10 16:38:35'),
(299, 22, 'NA', '2019-12-10 16:38:35'),
(299, 27, 'A', '2019-12-10 16:38:35'),
(299, 28, 'NA', '2019-12-10 16:38:35'),
(299, 29, 'EA', '2019-12-10 16:38:35'),
(299, 30, 'NA', '2019-12-10 16:38:35'),
(299, 34, 'NA', '2019-12-10 16:38:35'),
(299, 35, 'A', '2019-12-10 16:38:35'),
(299, 40, 'NA', '2019-12-10 16:38:35'),
(299, 44, 'A', '2019-12-10 16:38:35'),
(299, 45, 'NA', '2019-12-10 16:38:35'),
(299, 46, 'A', '2019-12-10 16:38:35'),
(299, 47, 'A', '2019-12-10 16:38:35'),
(299, 52, 'EA', '2019-12-10 16:38:35'),
(299, 53, 'NA', '2019-12-10 16:38:35'),
(299, 54, 'A', '2019-12-10 16:38:35'),
(299, 55, 'A', '2019-12-10 16:38:35'),
(300, 5, 'NA', '2019-12-10 16:38:35'),
(300, 6, 'A', '2019-12-10 16:38:35'),
(300, 7, 'A', '2019-12-10 16:38:35'),
(300, 11, 'A', '2019-12-10 16:38:35'),
(300, 12, 'EA', '2019-12-10 16:38:35'),
(300, 13, 'A', '2019-12-10 16:38:35'),
(300, 21, 'A', '2019-12-10 16:38:35'),
(300, 22, 'A', '2019-12-10 16:38:35'),
(300, 27, 'A', '2019-12-10 16:38:35'),
(300, 28, 'EA', '2019-12-10 16:38:35'),
(300, 29, 'EA', '2019-12-10 16:38:35'),
(300, 30, 'NA', '2019-12-10 16:38:35'),
(300, 34, 'A', '2019-12-10 16:38:35'),
(300, 35, 'A', '2019-12-10 16:38:35'),
(300, 40, 'NA', '2019-12-10 16:38:35'),
(300, 44, 'EA', '2019-12-10 16:38:35'),
(300, 45, 'A', '2019-12-10 16:38:35'),
(300, 46, 'EA', '2019-12-10 16:38:35'),
(300, 47, 'A', '2019-12-10 16:38:35'),
(300, 52, 'A', '2019-12-10 16:38:35'),
(300, 53, 'NA', '2019-12-10 16:38:35'),
(300, 54, 'NA', '2019-12-10 16:38:35'),
(300, 55, 'EA', '2019-12-10 16:38:35'),
(301, 5, 'EA', '2019-12-10 16:38:35'),
(301, 6, 'A', '2019-12-10 16:38:35'),
(301, 7, 'A', '2019-12-10 16:38:35'),
(301, 11, 'NA', '2019-12-10 16:38:35'),
(301, 12, 'A', '2019-12-10 16:38:35'),
(301, 13, 'A', '2019-12-10 16:38:35'),
(301, 21, 'A', '2019-12-10 16:38:35'),
(301, 22, 'A', '2019-12-10 16:38:35'),
(301, 27, 'EA', '2019-12-10 16:38:35'),
(301, 28, 'A', '2019-12-10 16:38:35'),
(301, 29, 'NA', '2019-12-10 16:38:35'),
(301, 30, 'A', '2019-12-10 16:38:35'),
(301, 34, 'A', '2019-12-10 16:38:35'),
(301, 35, 'A', '2019-12-10 16:38:35'),
(301, 40, 'A', '2019-12-10 16:38:35'),
(301, 44, 'A', '2019-12-10 16:38:35'),
(301, 45, 'A', '2019-12-10 16:38:35'),
(301, 46, 'A', '2019-12-10 16:38:36'),
(301, 47, 'NA', '2019-12-10 16:38:36'),
(301, 52, 'A', '2019-12-10 16:38:36'),
(301, 53, 'EA', '2019-12-10 16:38:36'),
(301, 54, 'A', '2019-12-10 16:38:36'),
(301, 55, 'NA', '2019-12-10 16:38:36'),
(302, 5, 'A', '2019-12-10 16:38:36'),
(302, 6, 'EA', '2019-12-10 16:38:36'),
(302, 7, 'A', '2019-12-10 16:38:36'),
(302, 11, 'EA', '2019-12-10 16:38:36'),
(302, 12, 'A', '2019-12-10 16:38:36'),
(302, 13, 'A', '2019-12-10 16:38:36'),
(302, 21, 'A', '2019-12-10 16:38:36'),
(302, 22, 'A', '2019-12-10 16:38:36'),
(302, 27, 'NA', '2019-12-10 16:38:36'),
(302, 28, 'EA', '2019-12-10 16:38:36'),
(302, 29, 'A', '2019-12-10 16:38:36'),
(302, 30, 'A', '2019-12-10 16:38:36'),
(302, 34, 'A', '2019-12-10 16:38:36'),
(302, 35, 'A', '2019-12-10 16:38:36'),
(302, 40, 'NA', '2019-12-10 16:38:36'),
(302, 44, 'NA', '2019-12-10 16:38:36'),
(302, 45, 'A', '2019-12-10 16:38:36'),
(302, 46, 'A', '2019-12-10 16:38:36'),
(302, 47, 'NA', '2019-12-10 16:38:36'),
(302, 52, 'A', '2019-12-10 16:38:36'),
(302, 53, 'A', '2019-12-10 16:38:36'),
(302, 54, 'A', '2019-12-10 16:38:36'),
(302, 55, 'A', '2019-12-10 16:38:36'),
(303, 5, 'NA', '2019-12-10 16:38:36'),
(303, 6, 'NA', '2019-12-10 16:38:36'),
(303, 7, 'A', '2019-12-10 16:38:36'),
(303, 11, 'A', '2019-12-10 16:38:36'),
(303, 12, 'A', '2019-12-10 16:38:36'),
(303, 13, 'A', '2019-12-10 16:38:36'),
(303, 21, 'NA', '2019-12-10 16:38:36'),
(303, 22, 'NA', '2019-12-10 16:38:36'),
(303, 27, 'A', '2019-12-10 16:38:36'),
(303, 28, 'NA', '2019-12-10 16:38:36'),
(303, 29, 'A', '2019-12-10 16:38:36'),
(303, 30, 'A', '2019-12-10 16:38:36'),
(303, 34, 'NA', '2019-12-10 16:38:36'),
(303, 35, 'A', '2019-12-10 16:38:36'),
(303, 40, 'A', '2019-12-10 16:38:36'),
(303, 44, 'EA', '2019-12-10 16:38:36'),
(303, 45, 'A', '2019-12-10 16:38:36'),
(303, 46, 'EA', '2019-12-10 16:38:36'),
(303, 47, 'EA', '2019-12-10 16:38:36'),
(303, 52, 'A', '2019-12-10 16:38:36'),
(303, 53, 'A', '2019-12-10 16:38:36'),
(303, 54, 'A', '2019-12-10 16:38:36'),
(303, 55, 'A', '2019-12-10 16:38:36'),
(304, 5, 'NA', '2019-12-10 16:38:36'),
(304, 6, 'A', '2019-12-10 16:38:36'),
(304, 7, 'A', '2019-12-10 16:38:36'),
(304, 11, 'NA', '2019-12-10 16:38:36'),
(304, 12, 'A', '2019-12-10 16:38:36'),
(304, 13, 'EA', '2019-12-10 16:38:36'),
(304, 21, 'A', '2019-12-10 16:38:36'),
(304, 22, 'A', '2019-12-10 16:38:36'),
(304, 27, 'A', '2019-12-10 16:38:36'),
(304, 28, 'NA', '2019-12-10 16:38:36'),
(304, 29, 'A', '2019-12-10 16:38:36'),
(304, 30, 'A', '2019-12-10 16:38:36'),
(304, 34, 'A', '2019-12-10 16:38:36'),
(304, 35, 'A', '2019-12-10 16:38:36'),
(304, 40, 'EA', '2019-12-10 16:38:36'),
(304, 44, 'EA', '2019-12-10 16:38:36'),
(304, 45, 'A', '2019-12-10 16:38:36'),
(304, 46, 'NA', '2019-12-10 16:38:36'),
(304, 47, 'A', '2019-12-10 16:38:36'),
(304, 52, 'A', '2019-12-10 16:38:36'),
(304, 53, 'A', '2019-12-10 16:38:36'),
(304, 54, 'A', '2019-12-10 16:38:36'),
(304, 55, 'A', '2019-12-10 16:38:36'),
(305, 5, 'A', '2019-12-10 16:38:36'),
(305, 6, 'A', '2019-12-10 16:38:36'),
(305, 7, 'EA', '2019-12-10 16:38:36'),
(305, 11, 'A', '2019-12-10 16:38:36'),
(305, 12, 'A', '2019-12-10 16:38:36'),
(305, 13, 'A', '2019-12-10 16:38:36'),
(305, 21, 'A', '2019-12-10 16:38:36'),
(305, 22, 'EA', '2019-12-10 16:38:36'),
(305, 27, 'A', '2019-12-10 16:38:36'),
(305, 28, 'A', '2019-12-10 16:38:36'),
(305, 29, 'A', '2019-12-10 16:38:36'),
(305, 30, 'EA', '2019-12-10 16:38:36'),
(305, 34, 'A', '2019-12-10 16:38:36'),
(305, 35, 'A', '2019-12-10 16:38:36'),
(305, 40, 'A', '2019-12-10 16:38:36'),
(305, 44, 'NA', '2019-12-10 16:38:36'),
(305, 45, 'NA', '2019-12-10 16:38:36'),
(305, 46, 'NA', '2019-12-10 16:38:36'),
(305, 47, 'A', '2019-12-10 16:38:36'),
(305, 52, 'A', '2019-12-10 16:38:36'),
(305, 53, 'EA', '2019-12-10 16:38:36'),
(305, 54, 'A', '2019-12-10 16:38:36'),
(305, 55, 'EA', '2019-12-10 16:38:36'),
(306, 5, 'A', '2019-12-10 16:38:36'),
(306, 6, 'EA', '2019-12-10 16:38:36'),
(306, 7, 'A', '2019-12-10 16:38:36'),
(306, 11, 'A', '2019-12-10 16:38:36'),
(306, 12, 'A', '2019-12-10 16:38:36'),
(306, 13, 'NA', '2019-12-10 16:38:36'),
(306, 21, 'A', '2019-12-10 16:38:36'),
(306, 22, 'A', '2019-12-10 16:38:36'),
(306, 27, 'NA', '2019-12-10 16:38:36'),
(306, 28, 'A', '2019-12-10 16:38:36'),
(306, 29, 'A', '2019-12-10 16:38:36'),
(306, 30, 'A', '2019-12-10 16:38:36'),
(306, 34, 'A', '2019-12-10 16:38:36'),
(306, 35, 'EA', '2019-12-10 16:38:36'),
(306, 40, 'A', '2019-12-10 16:38:36'),
(306, 44, 'A', '2019-12-10 16:38:36'),
(306, 45, 'EA', '2019-12-10 16:38:36'),
(306, 46, 'NA', '2019-12-10 16:38:36'),
(306, 47, 'A', '2019-12-10 16:38:36'),
(306, 52, 'EA', '2019-12-10 16:38:36'),
(306, 53, 'A', '2019-12-10 16:38:36'),
(306, 54, 'A', '2019-12-10 16:38:36'),
(306, 55, 'A', '2019-12-10 16:38:36'),
(307, 5, 'A', '2019-12-10 16:38:36'),
(307, 6, 'A', '2019-12-10 16:38:36'),
(307, 7, 'A', '2019-12-10 16:38:36'),
(307, 11, 'A', '2019-12-10 16:38:36'),
(307, 12, 'A', '2019-12-10 16:38:36'),
(307, 13, 'A', '2019-12-10 16:38:36'),
(307, 21, 'NA', '2019-12-10 16:38:36'),
(307, 22, 'A', '2019-12-10 16:38:36'),
(307, 27, 'A', '2019-12-10 16:38:36'),
(307, 28, 'A', '2019-12-10 16:38:36'),
(307, 29, 'A', '2019-12-10 16:38:36'),
(307, 30, 'A', '2019-12-10 16:38:36'),
(307, 34, 'NA', '2019-12-10 16:38:36'),
(307, 35, 'A', '2019-12-10 16:38:36'),
(307, 40, 'NA', '2019-12-10 16:38:36'),
(307, 44, 'NA', '2019-12-10 16:38:36'),
(307, 45, 'NA', '2019-12-10 16:38:36'),
(307, 46, 'NA', '2019-12-10 16:38:36'),
(307, 47, 'NA', '2019-12-10 16:38:36'),
(307, 52, 'A', '2019-12-10 16:38:36'),
(307, 53, 'A', '2019-12-10 16:38:36'),
(307, 54, 'A', '2019-12-10 16:38:36'),
(307, 55, 'NA', '2019-12-10 16:38:36');

--
-- Indexes for dumped tables
--

--
-- Indexes for table `apprentissage`
--
ALTER TABLE `apprentissage`
  ADD PRIMARY KEY (`id`),
  ADD KEY `formation` (`formation`),
  ADD KEY `competence` (`competence`);

--
-- Indexes for table `categorie`
--
ALTER TABLE `categorie`
  ADD PRIMARY KEY (`id`);

--
-- Indexes for table `categorie_apprentissage`
--
ALTER TABLE `categorie_apprentissage`
  ADD PRIMARY KEY (`categorie`,`apprentissage`),
  ADD KEY `apprentissage` (`apprentissage`);

--
-- Indexes for table `competence`
--
ALTER TABLE `competence`
  ADD PRIMARY KEY (`id`),
  ADD UNIQUE KEY `nom` (`nom`);

--
-- Indexes for table `directeur`
--
ALTER TABLE `directeur`
  ADD PRIMARY KEY (`id`),
  ADD UNIQUE KEY `mail` (`mail`),
  ADD UNIQUE KEY `login` (`login`);

--
-- Indexes for table `etudiant`
--
ALTER TABLE `etudiant`
  ADD PRIMARY KEY (`id`),
  ADD UNIQUE KEY `mail` (`mail`),
  ADD KEY `formation` (`formation`);

--
-- Indexes for table `formation`
--
ALTER TABLE `formation`
  ADD PRIMARY KEY (`id`),
  ADD KEY `directeur` (`directeur`);

--
-- Indexes for table `professeur`
--
ALTER TABLE `professeur`
  ADD PRIMARY KEY (`id`);

--
-- Indexes for table `professeur_apprentissage`
--
ALTER TABLE `professeur_apprentissage`
  ADD KEY `professeur` (`professeur`),
  ADD KEY `apprentissage` (`apprentissage`);

--
-- Indexes for table `resultat`
--
ALTER TABLE `resultat`
  ADD PRIMARY KEY (`etudiant`,`apprentissage`),
  ADD KEY `apprentissage` (`apprentissage`);

--
-- AUTO_INCREMENT for dumped tables
--

--
-- AUTO_INCREMENT for table `apprentissage`
--
ALTER TABLE `apprentissage`
  MODIFY `id` int(11) NOT NULL AUTO_INCREMENT, AUTO_INCREMENT=56;

--
-- AUTO_INCREMENT for table `categorie`
--
ALTER TABLE `categorie`
  MODIFY `id` int(11) NOT NULL AUTO_INCREMENT, AUTO_INCREMENT=14;

--
-- AUTO_INCREMENT for table `competence`
--
ALTER TABLE `competence`
  MODIFY `id` int(11) NOT NULL AUTO_INCREMENT, AUTO_INCREMENT=12;

--
-- AUTO_INCREMENT for table `directeur`
--
ALTER TABLE `directeur`
  MODIFY `id` int(11) NOT NULL AUTO_INCREMENT, AUTO_INCREMENT=3;

--
-- AUTO_INCREMENT for table `etudiant`
--
ALTER TABLE `etudiant`
  MODIFY `id` int(11) NOT NULL AUTO_INCREMENT, AUTO_INCREMENT=308;

--
-- AUTO_INCREMENT for table `formation`
--
ALTER TABLE `formation`
  MODIFY `id` int(11) NOT NULL AUTO_INCREMENT, AUTO_INCREMENT=4;

--
-- AUTO_INCREMENT for table `professeur`
--
ALTER TABLE `professeur`
  MODIFY `id` int(11) NOT NULL AUTO_INCREMENT, AUTO_INCREMENT=26;

--
-- Constraints for dumped tables
--

--
-- Constraints for table `apprentissage`
--
ALTER TABLE `apprentissage`
  ADD CONSTRAINT `apprentissage_ibfk_1` FOREIGN KEY (`formation`) REFERENCES `formation` (`id`) ON DELETE CASCADE,
  ADD CONSTRAINT `apprentissage_ibfk_2` FOREIGN KEY (`competence`) REFERENCES `competence` (`id`) ON DELETE CASCADE;

--
-- Constraints for table `categorie_apprentissage`
--
ALTER TABLE `categorie_apprentissage`
  ADD CONSTRAINT `categorie_apprentissage_ibfk_1` FOREIGN KEY (`categorie`) REFERENCES `categorie` (`id`) ON DELETE CASCADE,
  ADD CONSTRAINT `categorie_apprentissage_ibfk_2` FOREIGN KEY (`apprentissage`) REFERENCES `apprentissage` (`id`) ON DELETE CASCADE;

--
-- Constraints for table `etudiant`
--
ALTER TABLE `etudiant`
  ADD CONSTRAINT `etudiant_ibfk_1` FOREIGN KEY (`formation`) REFERENCES `formation` (`id`) ON DELETE CASCADE;

--
-- Constraints for table `formation`
--
ALTER TABLE `formation`
  ADD CONSTRAINT `formation_ibfk_1` FOREIGN KEY (`directeur`) REFERENCES `directeur` (`id`) ON DELETE CASCADE;

--
-- Constraints for table `professeur_apprentissage`
--
ALTER TABLE `professeur_apprentissage`
  ADD CONSTRAINT `professeur_apprentissage_ibfk_1` FOREIGN KEY (`professeur`) REFERENCES `professeur` (`id`) ON DELETE CASCADE,
  ADD CONSTRAINT `professeur_apprentissage_ibfk_2` FOREIGN KEY (`apprentissage`) REFERENCES `apprentissage` (`id`) ON DELETE CASCADE;

--
-- Constraints for table `resultat`
--
ALTER TABLE `resultat`
  ADD CONSTRAINT `resultat_ibfk_1` FOREIGN KEY (`etudiant`) REFERENCES `etudiant` (`id`) ON DELETE CASCADE,
  ADD CONSTRAINT `resultat_ibfk_2` FOREIGN KEY (`apprentissage`) REFERENCES `apprentissage` (`id`) ON DELETE CASCADE;
